Model,Chromosome,Position,Gene,Variant_Type,Impact
PDX_C01,chr6,111497107,MLH1,nonsense,HIGH
PDX_C01,chr2,122216673,ATM,missense,MODERATE
PDX_C01,chr2,9146135,CDKN2A,missense,MODERATE
PDX_C01,chr14,119498878,VHL,missense,MODERATE
PDX_C01,chr22,113547699,CDKN2A,inframe_indel,MODERATE
PDX_C01,chr5,32318469,PIK3CA,splice_site,MODERATE
PDX_C01,chr4,190926814,ERBB2,missense,MODERATE
PDX_C01,chr16,107506980,CHEK2,nonsense,HIGH
PDX_C01,chr12,84415520,EGFR,nonsense,HIGH
PDX_C01,chr12,107019812,APC,inframe_indel,MODERATE
PDX_C01,chr11,141179108,RB1,inframe_indel,MODERATE
PDX_C01,chr20,164419481,ERBB2,nonsense,HIGH
PDX_C01,chr13,160110482,EGFR,missense,MODERATE
PDX_C01,chr10,20562772,PALB2,missense,MODERATE
PDX_C01,chr2,171061704,EGFR,nonsense,HIGH
PDX_C01,chr14,79359043,ERBB2,nonsense,HIGH
PDX_C01,chr4,96661581,BRCA2,missense,MODERATE
PDX_C01,chr14,61529659,KRAS,missense,MODERATE
PDX_C01,chr19,99442229,CHEK2,nonsense,HIGH
PDX_C01,chr7,57149884,MLH1,missense,MODERATE
PDX_C01,chr1,79762751,ERBB2,missense,MODERATE
PDX_C01,chr13,128891406,EGFR,splice_site,MODERATE
PDX_C01,chr7,139004399,PALB2,missense,MODERATE
PDX_C01,chr5,35652524,TP53,missense,MODERATE
PDX_C01,chr7,158958937,PIK3CA,missense,MODERATE
PDX_C02,chr16,111606899,PTEN,inframe_indel,MODERATE
PDX_C02,chr19,79668365,TP53,missense,MODERATE
PDX_C02,chr11,196688033,MLH1,missense,MODERATE
PDX_C02,chr17,108697308,VHL,missense,MODERATE
PDX_C02,chr5,119662108,CHEK2,inframe_indel,MODERATE
PDX_C02,chr8,135646199,PTEN,frameshift,HIGH
PDX_C02,chr22,86558693,BRCA1,nonsense,HIGH
PDX_C02,chr20,5025104,RB1,missense,MODERATE
PDX_C02,chr7,21381871,MLH1,splice_site,MODERATE
PDX_C02,chr12,174959354,CDKN2A,frameshift,HIGH
PDX_C02,chr21,3959224,PALB2,nonsense,HIGH
PDX_C02,chr5,22631980,BRAF,missense,MODERATE
PDX_C02,chr4,115819342,CDH1,missense,MODERATE
PDX_C02,chr6,42154938,VHL,missense,MODERATE
PDX_C02,chr8,73838397,ATM,missense,MODERATE
PDX_C02,chr15,67708549,APC,missense,MODERATE
PDX_C02,chr12,199382037,ERBB2,missense,MODERATE
PDX_C02,chr18,90123516,RB1,splice_site,MODERATE
PDX_C02,chr5,37314851,CHEK2,nonsense,HIGH
PDX_C02,chr14,82717750,ATM,frameshift,HIGH
PDX_C02,chr20,89939861,TP53,splice_site,MODERATE
PDX_C02,chr15,27564853,PIK3CA,missense,MODERATE
PDX_C02,chr9,57030542,MLH1,missense,MODERATE
PDX_C02,chr1,35058447,KRAS,missense,MODERATE
PDX_C02,chr2,128642675,ATM,missense,MODERATE
PDX_C03,chr15,23513228,CDH1,frameshift,HIGH
PDX_C03,chr19,199856924,MLH1,nonsense,HIGH
PDX_C03,chr4,120476815,MYC,frameshift,HIGH
PDX_C03,chr1,104054370,PTEN,missense,MODERATE
PDX_C03,chr12,63028655,EGFR,nonsense,HIGH
PDX_C03,chr8,105719988,BRCA1,frameshift,HIGH
PDX_C03,chr14,44820111,PIK3CA,splice_site,MODERATE
PDX_C03,chr10,49729091,BRCA1,frameshift,HIGH
PDX_C03,chr19,196280039,MLH1,missense,MODERATE
PDX_C03,chr18,188768969,APC,missense,MODERATE
PDX_C03,chr22,185643566,MYC,missense,MODERATE
PDX_C03,chr1,32273446,PALB2,missense,MODERATE
PDX_C03,chr1,66980679,CHEK2,splice_site,MODERATE
PDX_C03,chr7,12978561,APC,missense,MODERATE
PDX_C03,chr14,116249357,RB1,missense,MODERATE
PDX_C03,chr22,43124766,MSH2,nonsense,HIGH
PDX_C03,chr4,86220344,CDH1,missense,MODERATE
PDX_C03,chr12,116598449,PTEN,frameshift,HIGH
PDX_C03,chr1,136761258,ATM,missense,MODERATE
PDX_C03,chr18,191500841,ATM,nonsense,HIGH
PDX_C03,chr8,193236532,VHL,missense,MODERATE
PDX_C03,chr6,108040883,EGFR,nonsense,HIGH
PDX_C03,chr11,174675362,BRCA2,missense,MODERATE
PDX_C03,chr6,173607504,BRAF,missense,MODERATE
PDX_C03,chr20,97028862,PIK3CA,nonsense,HIGH
PDX_C04,chr1,137909910,MYC,frameshift,HIGH
PDX_C04,chr22,161945786,BRCA1,frameshift,HIGH
PDX_C04,chr14,155309300,RB1,splice_site,MODERATE
PDX_C04,chr20,148964575,MYC,missense,MODERATE
PDX_C04,chr13,56925895,PALB2,missense,MODERATE
PDX_C04,chr5,184002979,ERBB2,missense,MODERATE
PDX_C04,chr14,71532109,ERBB2,missense,MODERATE
PDX_C04,chr19,115995256,CHEK2,nonsense,HIGH
PDX_C04,chr8,4080942,MLH1,missense,MODERATE
PDX_C04,chr6,3206533,TP53,frameshift,HIGH
PDX_C04,chr4,48803269,EGFR,frameshift,HIGH
PDX_C04,chr10,194881325,ATM,missense,MODERATE
PDX_C04,chr2,51270491,EGFR,missense,MODERATE
PDX_C04,chr19,89006041,ATM,missense,MODERATE
PDX_C04,chr18,137151653,MSH2,missense,MODERATE
PDX_C04,chr6,177941726,PALB2,missense,MODERATE
PDX_C04,chr9,89816438,APC,missense,MODERATE
PDX_C04,chr6,143892225,TP53,inframe_indel,MODERATE
PDX_C04,chr10,128019682,BRAF,missense,MODERATE
PDX_C04,chr19,103949280,MSH2,missense,MODERATE
PDX_C04,chr19,52248320,BRCA1,missense,MODERATE
PDX_C04,chr9,72980377,CDKN2A,nonsense,HIGH
PDX_C04,chr10,197496098,VHL,inframe_indel,MODERATE
PDX_C04,chr15,133995217,PALB2,missense,MODERATE
PDX_C04,chr22,79979509,TP53,nonsense,HIGH
PDX_C05,chr20,61193853,VHL,missense,MODERATE
PDX_C05,chr13,183829869,MSH2,missense,MODERATE
PDX_C05,chr5,122425741,BRCA1,missense,MODERATE
PDX_C05,chr14,184506730,ERBB2,inframe_indel,MODERATE
PDX_C05,chr2,180626957,MLH1,frameshift,HIGH
PDX_C05,chr12,65537934,BRCA1,nonsense,HIGH
PDX_C05,chr18,45212988,APC,frameshift,HIGH
PDX_C05,chr11,83976499,EGFR,missense,MODERATE
PDX_C05,chr20,130754980,EGFR,frameshift,HIGH
PDX_C05,chr2,116973139,VHL,missense,MODERATE
PDX_C05,chr9,25834778,PTEN,splice_site,MODERATE
PDX_C05,chr6,186274478,KRAS,missense,MODERATE
PDX_C05,chr14,68512111,RB1,nonsense,HIGH
PDX_C05,chr5,112269858,CHEK2,splice_site,MODERATE
PDX_C05,chr6,140673782,MYC,splice_site,MODERATE
PDX_C05,chr12,23894644,CHEK2,missense,MODERATE
PDX_C05,chr16,51216367,BRAF,frameshift,HIGH
PDX_C05,chr4,171595251,MSH2,missense,MODERATE
PDX_C05,chr19,29038335,PIK3CA,nonsense,HIGH
PDX_C05,chr9,32775983,RB1,missense,MODERATE
PDX_C05,chr3,188624483,KRAS,missense,MODERATE
PDX_C05,chr15,68486428,KRAS,missense,MODERATE
PDX_C05,chr10,92065287,MLH1,missense,MODERATE
PDX_C05,chr1,181952163,PIK3CA,missense,MODERATE
PDX_C05,chr1,98432847,CDH1,missense,MODERATE
PDX_C06,chr4,103633325,PALB2,missense,MODERATE
PDX_C06,chr12,12004239,BRAF,inframe_indel,MODERATE
PDX_C06,chr20,16773638,EGFR,frameshift,HIGH
PDX_C06,chr8,67938068,CDH1,missense,MODERATE
PDX_C06,chr14,148402878,MSH2,nonsense,HIGH
PDX_C06,chr18,193889826,EGFR,missense,MODERATE
PDX_C06,chr20,8705042,BRCA2,missense,MODERATE
PDX_C06,chr1,27016088,RB1,nonsense,HIGH
PDX_C06,chr2,40608349,APC,missense,MODERATE
PDX_C06,chr10,15425393,EGFR,missense,MODERATE
PDX_C06,chr13,135517447,TP53,nonsense,HIGH
PDX_C06,chr9,21637588,BRCA2,missense,MODERATE
PDX_C06,chr3,118997002,VHL,missense,MODERATE
PDX_C06,chr15,62396409,BRCA2,missense,MODERATE
PDX_C06,chr8,131978964,PTEN,nonsense,HIGH
PDX_C06,chr19,111919036,PTEN,missense,MODERATE
PDX_C06,chr1,74826103,MSH2,missense,MODERATE
PDX_C06,chr20,29360357,BRAF,missense,MODERATE
PDX_C06,chr15,171169551,ERBB2,nonsense,HIGH
PDX_C06,chr20,64811527,TP53,frameshift,HIGH
PDX_C06,chr22,152047165,CDKN2A,splice_site,MODERATE
PDX_C06,chr22,138085386,EGFR,frameshift,HIGH
PDX_C06,chr4,8919732,PIK3CA,missense,MODERATE
PDX_C06,chr13,46384410,MYC,missense,MODERATE
PDX_C06,chr21,55460855,ERBB2,splice_site,MODERATE
PDX_C07,chr13,180756527,EGFR,missense,MODERATE
PDX_C07,chr12,77785761,BRAF,frameshift,HIGH
PDX_C07,chr7,35008485,PALB2,nonsense,HIGH
PDX_C07,chr6,61082475,ATM,frameshift,HIGH
PDX_C07,chr14,73342083,CDH1,missense,MODERATE
PDX_C07,chr1,167121314,BRAF,missense,MODERATE
PDX_C07,chr2,40458676,APC,missense,MODERATE
PDX_C07,chr9,175070140,MYC,frameshift,HIGH
PDX_C07,chr11,187816499,VHL,missense,MODERATE
PDX_C07,chr20,182845801,CDKN2A,missense,MODERATE
PDX_C07,chr7,115724728,PIK3CA,nonsense,HIGH
PDX_C07,chr16,3153804,MYC,missense,MODERATE
PDX_C07,chr19,53749844,PALB2,frameshift,HIGH
PDX_C07,chr16,168883105,VHL,inframe_indel,MODERATE
PDX_C07,chr16,179417400,EGFR,missense,MODERATE
PDX_C07,chr1,194890541,APC,missense,MODERATE
PDX_C07,chr17,72935321,PTEN,nonsense,HIGH
PDX_C07,chr11,110613168,BRCA1,nonsense,HIGH
PDX_C07,chr1,154551848,VHL,splice_site,MODERATE
PDX_C07,chr3,48198418,ERBB2,missense,MODERATE
PDX_C07,chr20,186130899,APC,missense,MODERATE
PDX_C07,chr13,181073406,APC,missense,MODERATE
PDX_C07,chr17,44185659,MYC,frameshift,HIGH
PDX_C07,chr2,67922699,RB1,missense,MODERATE
PDX_C07,chr21,161839926,BRCA1,missense,MODERATE
PDX_C08,chr7,170814266,APC,missense,MODERATE
PDX_C08,chr12,72931938,MLH1,frameshift,HIGH
PDX_C08,chr1,125362253,EGFR,frameshift,HIGH
PDX_C08,chr12,175229544,CDKN2A,missense,MODERATE
PDX_C08,chr19,177853006,APC,frameshift,HIGH
PDX_C08,chr19,70976962,TP53,inframe_indel,MODERATE
PDX_C08,chr10,132893214,ERBB2,nonsense,HIGH
PDX_C08,chr22,19398248,PTEN,missense,MODERATE
PDX_C08,chr7,164926252,CHEK2,splice_site,MODERATE
PDX_C08,chr6,94265144,PIK3CA,missense,MODERATE
PDX_C08,chr12,99678897,APC,missense,MODERATE
PDX_C08,chr6,172293309,PTEN,missense,MODERATE
PDX_C08,chr17,192582502,MSH2,missense,MODERATE
PDX_C08,chr10,137189745,RB1,missense,MODERATE
PDX_C08,chr18,124117510,PIK3CA,missense,MODERATE
PDX_C08,chr9,31556868,CHEK2,missense,MODERATE
PDX_C08,chr2,7409858,MLH1,missense,MODERATE
PDX_C08,chr8,104038768,CDKN2A,missense,MODERATE
PDX_C08,chr11,53768871,CHEK2,missense,MODERATE
PDX_C08,chr20,114369894,CDH1,nonsense,HIGH
PDX_C08,chr4,157645238,MSH2,missense,MODERATE
PDX_C08,chr17,161160507,CDKN2A,splice_site,MODERATE
PDX_C08,chr8,30642201,KRAS,splice_site,MODERATE
PDX_C08,chr15,136645968,PIK3CA,nonsense,HIGH
PDX_C08,chr1,42253143,EGFR,missense,MODERATE
PDX_C09,chr6,176287245,MLH1,nonsense,HIGH
PDX_C09,chr22,135810280,MYC,missense,MODERATE
PDX_C09,chr13,27921498,CHEK2,inframe_indel,MODERATE
PDX_C09,chr5,160134746,KRAS,missense,MODERATE
PDX_C09,chr9,101008235,VHL,nonsense,HIGH
PDX_C09,chr21,71319726,VHL,inframe_indel,MODERATE
PDX_C09,chr20,109871126,MYC,missense,MODERATE
PDX_C09,chr5,92748632,CHEK2,missense,MODERATE
PDX_C09,chr13,78795385,PTEN,splice_site,MODERATE
PDX_C09,chr21,143645116,RB1,missense,MODERATE
PDX_C09,chr16,108001237,CDKN2A,nonsense,HIGH
PDX_C09,chr1,151900164,PTEN,missense,MODERATE
PDX_C09,chr12,40766607,CHEK2,missense,MODERATE
PDX_C09,chr22,1536264,BRCA2,frameshift,HIGH
PDX_C09,chr7,119928018,ATM,missense,MODERATE
PDX_C09,chr13,161482163,BRCA2,missense,MODERATE
PDX_C09,chr2,48196078,CDH1,missense,MODERATE
PDX_C09,chr22,83462788,RB1,splice_site,MODERATE
PDX_C09,chr6,141225366,CHEK2,nonsense,HIGH
PDX_C09,chr22,126706073,BRCA1,nonsense,HIGH
PDX_C09,chr5,126226219,CDKN2A,nonsense,HIGH
PDX_C09,chr20,166477937,PIK3CA,missense,MODERATE
PDX_C09,chr5,61370130,MSH2,frameshift,HIGH
PDX_C09,chr13,37062111,CDH1,nonsense,HIGH
PDX_C09,chr17,164874202,TP53,missense,MODERATE
PDX_C10,chr10,32073629,EGFR,splice_site,MODERATE
PDX_C10,chr20,197593826,PALB2,nonsense,HIGH
PDX_C10,chr16,115535628,KRAS,nonsense,HIGH
PDX_C10,chr12,124491453,CDKN2A,missense,MODERATE
PDX_C10,chr11,44080611,ERBB2,missense,MODERATE
PDX_C10,chr8,145084664,CDH1,missense,MODERATE
PDX_C10,chr6,190852396,BRCA2,missense,MODERATE
PDX_C10,chr20,111604603,BRCA2,missense,MODERATE
PDX_C10,chr4,153830238,VHL,missense,MODERATE
PDX_C10,chr11,72535780,APC,inframe_indel,MODERATE
PDX_C10,chr21,194195115,BRCA1,splice_site,MODERATE
PDX_C10,chr22,188965523,BRAF,missense,MODERATE
PDX_C10,chr21,29600366,TP53,splice_site,MODERATE
PDX_C10,chr4,40805260,PALB2,missense,MODERATE
PDX_C10,chr6,169136626,MLH1,missense,MODERATE
PDX_C10,chr21,38165489,BRAF,nonsense,HIGH
PDX_C10,chr2,11344919,VHL,missense,MODERATE
PDX_C10,chr10,151545183,BRCA2,missense,MODERATE
PDX_C10,chr19,134940929,ERBB2,splice_site,MODERATE
PDX_C10,chr8,169923063,BRCA1,missense,MODERATE
PDX_C10,chr9,16931628,EGFR,missense,MODERATE
PDX_C10,chr13,187845974,CDKN2A,missense,MODERATE
PDX_C10,chr10,89828218,KRAS,splice_site,MODERATE
PDX_C10,chr20,78612682,TP53,missense,MODERATE
PDX_C10,chr20,95706276,CDH1,missense,MODERATE
PDX_C11,chr6,159994807,APC,missense,MODERATE
PDX_C11,chr17,98511392,TP53,missense,MODERATE
PDX_C11,chr6,78918701,BRAF,missense,MODERATE
PDX_C11,chr22,13691198,CDKN2A,frameshift,HIGH
PDX_C11,chr9,162671242,ERBB2,missense,MODERATE
PDX_C11,chr16,28288238,BRAF,missense,MODERATE
PDX_C11,chr14,121584897,BRCA2,missense,MODERATE
PDX_C11,chr18,190905030,CDKN2A,missense,MODERATE
PDX_C11,chr11,37860222,MYC,missense,MODERATE
PDX_C11,chr13,1746707,CHEK2,missense,MODERATE
PDX_C11,chr15,67742892,CDKN2A,nonsense,HIGH
PDX_C11,chr22,26827621,KRAS,frameshift,HIGH
PDX_C11,chr21,27073104,EGFR,missense,MODERATE
PDX_C11,chr1,68766851,MSH2,missense,MODERATE
PDX_C11,chr1,179893281,BRAF,missense,MODERATE
PDX_C11,chr8,27035889,MLH1,frameshift,HIGH
PDX_C11,chr22,91354239,ATM,frameshift,HIGH
PDX_C11,chr16,14143407,VHL,missense,MODERATE
PDX_C11,chr8,79587490,PALB2,missense,MODERATE
PDX_C11,chr3,38013962,BRCA1,frameshift,HIGH
PDX_C11,chr19,30289093,PIK3CA,missense,MODERATE
PDX_C11,chr21,43946957,VHL,missense,MODERATE
PDX_C11,chr22,196431268,CHEK2,splice_site,MODERATE
PDX_C11,chr20,127041022,BRCA1,missense,MODERATE
PDX_C11,chr21,37565585,KRAS,frameshift,HIGH
PDX_C12,chr17,38424533,MLH1,splice_site,MODERATE
PDX_C12,chr2,6678800,CDH1,splice_site,MODERATE
PDX_C12,chr15,9357125,TP53,frameshift,HIGH
PDX_C12,chr2,44965334,VHL,frameshift,HIGH
PDX_C12,chr2,19279060,PALB2,missense,MODERATE
PDX_C12,chr6,81715196,ATM,frameshift,HIGH
PDX_C12,chr5,184597720,EGFR,inframe_indel,MODERATE
PDX_C12,chr10,105335747,BRCA1,frameshift,HIGH
PDX_C12,chr1,174359695,BRCA1,missense,MODERATE
PDX_C12,chr21,32018518,ERBB2,missense,MODERATE
PDX_C12,chr6,22002668,KRAS,missense,MODERATE
PDX_C12,chr14,184677946,PIK3CA,missense,MODERATE
PDX_C12,chr15,76186263,MYC,nonsense,HIGH
PDX_C12,chr2,125534986,MYC,nonsense,HIGH
PDX_C12,chr14,139901258,MSH2,missense,MODERATE
PDX_C12,chr9,94999479,MSH2,missense,MODERATE
PDX_C12,chr22,184103631,CDH1,missense,MODERATE
PDX_C12,chr18,167051593,PTEN,splice_site,MODERATE
PDX_C12,chr14,58710025,APC,missense,MODERATE
PDX_C12,chr11,190767063,PALB2,missense,MODERATE
PDX_C12,chr15,26587699,BRAF,missense,MODERATE
PDX_C12,chr19,130624961,RB1,nonsense,HIGH
PDX_C12,chr2,197756299,ERBB2,missense,MODERATE
PDX_C12,chr13,151193762,MLH1,inframe_indel,MODERATE
PDX_C12,chr13,26568928,RB1,missense,MODERATE
PDX_C13,chr4,40240924,PALB2,inframe_indel,MODERATE
PDX_C13,chr11,193289873,ATM,missense,MODERATE
PDX_C13,chr16,114736096,CDKN2A,missense,MODERATE
PDX_C13,chr16,166326647,BRCA1,missense,MODERATE
PDX_C13,chr14,161950191,BRAF,missense,MODERATE
PDX_C13,chr18,175462820,PIK3CA,nonsense,HIGH
PDX_C13,chr2,64260689,MLH1,missense,MODERATE
PDX_C13,chr9,71810268,MYC,missense,MODERATE
PDX_C13,chr21,4129628,PALB2,splice_site,MODERATE
PDX_C13,chr17,41323601,CDH1,missense,MODERATE
PDX_C13,chr11,167973054,EGFR,missense,MODERATE
PDX_C13,chr1,76518287,CDKN2A,frameshift,HIGH
PDX_C13,chr16,142374047,BRAF,missense,MODERATE
PDX_C13,chr13,63353958,CHEK2,missense,MODERATE
PDX_C13,chr12,194728129,PIK3CA,nonsense,HIGH
PDX_C13,chr11,138549169,PTEN,missense,MODERATE
PDX_C13,chr16,93610283,BRCA1,missense,MODERATE
PDX_C13,chr14,37815247,CHEK2,missense,MODERATE
PDX_C13,chr12,114861992,MLH1,missense,MODERATE
PDX_C13,chr14,188000476,BRCA1,splice_site,MODERATE
PDX_C13,chr3,68718435,CDH1,splice_site,MODERATE
PDX_C13,chr3,5402012,ATM,splice_site,MODERATE
PDX_C13,chr4,124477065,PALB2,missense,MODERATE
PDX_C13,chr19,25353987,BRCA2,nonsense,HIGH
PDX_C13,chr1,168503293,BRCA1,missense,MODERATE
PDX_C14,chr13,73799878,MYC,frameshift,HIGH
PDX_C14,chr11,174044758,CDKN2A,inframe_indel,MODERATE
PDX_C14,chr10,89495020,MSH2,frameshift,HIGH
PDX_C14,chr16,22837393,APC,nonsense,HIGH
PDX_C14,chr5,111770353,BRAF,missense,MODERATE
PDX_C14,chr14,78624785,MYC,nonsense,HIGH
PDX_C14,chr11,69107875,BRAF,splice_site,MODERATE
PDX_C14,chr19,188302235,BRCA2,missense,MODERATE
PDX_C14,chr5,134783206,BRAF,missense,MODERATE
PDX_C14,chr17,188569556,BRCA1,frameshift,HIGH
PDX_C14,chr18,79193419,PALB2,missense,MODERATE
PDX_C14,chr7,74609654,TP53,missense,MODERATE
PDX_C14,chr3,69410807,EGFR,frameshift,HIGH
PDX_C14,chr16,108251683,ATM,inframe_indel,MODERATE
PDX_C14,chr2,103020354,PIK3CA,nonsense,HIGH
PDX_C14,chr11,121869902,MSH2,missense,MODERATE
PDX_C14,chr13,31524541,EGFR,inframe_indel,MODERATE
PDX_C14,chr3,37811180,BRCA1,splice_site,MODERATE
PDX_C14,chr7,74903428,ATM,missense,MODERATE
PDX_C14,chr3,197098058,MSH2,frameshift,HIGH
PDX_C14,chr8,153080835,KRAS,missense,MODERATE
PDX_C14,chr3,10378361,PTEN,missense,MODERATE
PDX_C14,chr5,23031810,BRCA2,missense,MODERATE
PDX_C14,chr1,85304169,BRAF,missense,MODERATE
PDX_C14,chr2,111140378,PTEN,missense,MODERATE
PDX_C15,chr1,188544908,PALB2,missense,MODERATE
PDX_C15,chr2,135942929,TP53,splice_site,MODERATE
PDX_C15,chr16,119268528,BRCA1,missense,MODERATE
PDX_C15,chr3,87968713,MYC,missense,MODERATE
PDX_C15,chr19,87848745,EGFR,splice_site,MODERATE
PDX_C15,chr13,119958081,CDKN2A,inframe_indel,MODERATE
PDX_C15,chr14,199233439,MYC,nonsense,HIGH
PDX_C15,chr12,127523974,BRCA1,missense,MODERATE
PDX_C15,chr22,149978933,PIK3CA,nonsense,HIGH
PDX_C15,chr7,146756946,CDKN2A,missense,MODERATE
PDX_C15,chr21,17543816,PIK3CA,nonsense,HIGH
PDX_C15,chr2,138620170,PIK3CA,splice_site,MODERATE
PDX_C15,chr4,45168349,ERBB2,splice_site,MODERATE
PDX_C15,chr5,29581624,MYC,splice_site,MODERATE
PDX_C15,chr14,198230773,EGFR,nonsense,HIGH
PDX_C15,chr8,37831336,MSH2,splice_site,MODERATE
PDX_C15,chr14,85194036,VHL,missense,MODERATE
PDX_C15,chr3,71190463,ERBB2,inframe_indel,MODERATE
PDX_C15,chr6,111268055,BRCA2,frameshift,HIGH
PDX_C15,chr14,56705991,CHEK2,missense,MODERATE
PDX_C15,chr1,7515522,CDKN2A,nonsense,HIGH
PDX_C15,chr4,86912133,BRCA1,splice_site,MODERATE
PDX_C15,chr19,14777528,CDKN2A,missense,MODERATE
PDX_C15,chr1,16741237,CDH1,missense,MODERATE
PDX_C15,chr5,178824077,RB1,missense,MODERATE
PDX_T01,chr7,99771845,MYC,frameshift,HIGH
PDX_T01,chr15,156099991,EGFR,frameshift,HIGH
PDX_T01,chr13,120389927,MYC,missense,MODERATE
PDX_T01,chr7,5308924,BRAF,missense,MODERATE
PDX_T01,chr19,101354040,MYC,missense,MODERATE
PDX_T01,chr1,66533137,TP53,nonsense,HIGH
PDX_T01,chr1,163478499,CDKN2A,missense,MODERATE
PDX_T01,chr15,133118244,TP53,missense,MODERATE
PDX_T01,chr20,141480541,BRCA1,frameshift,HIGH
PDX_T01,chr6,35306411,CDKN2A,frameshift,HIGH
PDX_T01,chr10,159602542,EGFR,splice_site,MODERATE
PDX_T01,chr1,80922668,BRAF,splice_site,MODERATE
PDX_T01,chr20,124727163,RB1,missense,MODERATE
PDX_T01,chr8,143159446,KRAS,missense,MODERATE
PDX_T01,chr8,17739039,TP53,splice_site,MODERATE
PDX_T01,chr21,101682705,CDH1,splice_site,MODERATE
PDX_T01,chr9,177054919,MYC,nonsense,HIGH
PDX_T01,chr8,72561959,BRAF,missense,MODERATE
PDX_T01,chr7,42286782,CHEK2,missense,MODERATE
PDX_T01,chr21,131221342,EGFR,missense,MODERATE
PDX_T01,chr21,183492955,MSH2,inframe_indel,MODERATE
PDX_T01,chr13,162576716,PIK3CA,frameshift,HIGH
PDX_T01,chr4,77557738,TP53,splice_site,MODERATE
PDX_T01,chr13,102802696,EGFR,missense,MODERATE
PDX_T01,chr15,110025704,BRCA1,frameshift,HIGH
PDX_T02,chr3,185031203,ERBB2,missense,MODERATE
PDX_T02,chr4,52945889,MLH1,frameshift,HIGH
PDX_T02,chr16,165807040,MSH2,missense,MODERATE
PDX_T02,chr19,197454902,APC,frameshift,HIGH
PDX_T02,chr3,9187001,PALB2,missense,MODERATE
PDX_T02,chr17,82447178,TP53,splice_site,MODERATE
PDX_T02,chr6,95340071,EGFR,inframe_indel,MODERATE
PDX_T02,chr11,188496383,BRCA2,nonsense,HIGH
PDX_T02,chr1,128616217,ATM,frameshift,HIGH
PDX_T02,chr8,81045694,CHEK2,nonsense,HIGH
PDX_T02,chr3,131266918,EGFR,missense,MODERATE
PDX_T02,chr8,139638225,PALB2,missense,MODERATE
PDX_T02,chr11,123223250,ERBB2,missense,MODERATE
PDX_T02,chr9,24615844,RB1,nonsense,HIGH
PDX_T02,chr11,154556442,KRAS,nonsense,HIGH
PDX_T02,chr11,116422715,PIK3CA,missense,MODERATE
PDX_T02,chr4,32851094,ERBB2,splice_site,MODERATE
PDX_T02,chr1,31692360,MLH1,missense,MODERATE
PDX_T02,chr11,40346445,KRAS,missense,MODERATE
PDX_T02,chr17,105353955,TP53,nonsense,HIGH
PDX_T02,chr20,68016348,BRCA1,missense,MODERATE
PDX_T02,chr2,44908583,RB1,missense,MODERATE
PDX_T02,chr5,78872083,EGFR,missense,MODERATE
PDX_T02,chr5,169391854,PALB2,inframe_indel,MODERATE
PDX_T02,chr22,136126069,CDKN2A,inframe_indel,MODERATE
PDX_T03,chr12,47286776,PALB2,frameshift,HIGH
PDX_T03,chr12,118145329,RB1,frameshift,HIGH
PDX_T03,chr4,36914924,ATM,missense,MODERATE
PDX_T03,chr15,26465821,MSH2,nonsense,HIGH
PDX_T03,chr8,181964052,TP53,missense,MODERATE
PDX_T03,chr5,134875414,PALB2,missense,MODERATE
PDX_T03,chr16,81380360,PTEN,missense,MODERATE
PDX_T03,chr2,71452180,CHEK2,missense,MODERATE
PDX_T03,chr13,183112005,BRCA1,nonsense,HIGH
PDX_T03,chr6,3424473,BRAF,missense,MODERATE
PDX_T03,chr21,197517701,CHEK2,missense,MODERATE
PDX_T03,chr22,40603182,BRCA1,missense,MODERATE
PDX_T03,chr17,100976818,BRCA1,splice_site,MODERATE
PDX_T03,chr18,193771216,ATM,frameshift,HIGH
PDX_T03,chr6,81963258,MSH2,splice_site,MODERATE
PDX_T03,chr18,161594587,VHL,missense,MODERATE
PDX_T03,chr18,95640044,PALB2,missense,MODERATE
PDX_T03,chr3,128880794,BRCA1,missense,MODERATE
PDX_T03,chr3,98815984,BRAF,missense,MODERATE
PDX_T03,chr8,118880719,CDH1,splice_site,MODERATE
PDX_T03,chr9,58019302,PALB2,inframe_indel,MODERATE
PDX_T03,chr21,161516780,CHEK2,missense,MODERATE
PDX_T03,chr1,187145481,APC,nonsense,HIGH
PDX_T03,chr12,5278468,ERBB2,splice_site,MODERATE
PDX_T03,chr7,38973298,BRAF,nonsense,HIGH
PDX_T04,chr14,60755171,MLH1,frameshift,HIGH
PDX_T04,chr6,89930654,CDKN2A,missense,MODERATE
PDX_T04,chr11,199741127,CDKN2A,missense,MODERATE
PDX_T04,chr19,74791561,PALB2,missense,MODERATE
PDX_T04,chr5,59607562,BRCA2,missense,MODERATE
PDX_T04,chr13,121097855,MYC,frameshift,HIGH
PDX_T04,chr21,168607806,MLH1,splice_site,MODERATE
PDX_T04,chr8,191184979,APC,missense,MODERATE
PDX_T04,chr8,158378833,ERBB2,missense,MODERATE
PDX_T04,chr21,55504029,KRAS,missense,MODERATE
PDX_T04,chr10,44233191,EGFR,missense,MODERATE
PDX_T04,chr16,133569184,RB1,missense,MODERATE
PDX_T04,chr10,54880606,MSH2,missense,MODERATE
PDX_T04,chr18,24672144,APC,missense,MODERATE
PDX_T04,chr7,31744344,ERBB2,nonsense,HIGH
PDX_T04,chr15,78871026,PALB2,frameshift,HIGH
PDX_T04,chr5,87955493,MLH1,missense,MODERATE
PDX_T04,chr2,39510186,ERBB2,missense,MODERATE
PDX_T04,chr14,22348190,EGFR,missense,MODERATE
PDX_T04,chr6,47399430,MSH2,missense,MODERATE
PDX_T04,chr20,146269241,BRCA1,missense,MODERATE
PDX_T04,chr22,134118171,CDKN2A,nonsense,HIGH
PDX_T04,chr12,116144349,CHEK2,splice_site,MODERATE
PDX_T04,chr16,32195475,MSH2,splice_site,MODERATE
PDX_T04,chr2,57951925,PTEN,frameshift,HIGH
PDX_T05,chr10,55996472,EGFR,frameshift,HIGH
PDX_T05,chr4,56267905,VHL,missense,MODERATE
PDX_T05,chr7,107367572,VHL,missense,MODERATE
PDX_T05,chr5,177151308,CDH1,missense,MODERATE
PDX_T05,chr1,97602203,MYC,splice_site,MODERATE
PDX_T05,chr3,177373297,BRCA2,missense,MODERATE
PDX_T05,chr3,184625675,APC,frameshift,HIGH
PDX_T05,chr5,48553874,BRCA1,missense,MODERATE
PDX_T05,chr3,18159928,BRAF,missense,MODERATE
PDX_T05,chr15,71233999,BRAF,splice_site,MODERATE
PDX_T05,chr6,21014528,CDH1,missense,MODERATE
PDX_T05,chr22,180328446,RB1,frameshift,HIGH
PDX_T05,chr6,138293732,PALB2,nonsense,HIGH
PDX_T05,chr2,140668803,MYC,missense,MODERATE
PDX_T05,chr22,26074253,CHEK2,splice_site,MODERATE
PDX_T05,chr2,93200550,BRCA2,splice_site,MODERATE
PDX_T05,chr16,125020006,PIK3CA,nonsense,HIGH
PDX_T05,chr14,159423901,TP53,missense,MODERATE
PDX_T05,chr14,4389915,APC,missense,MODERATE
PDX_T05,chr7,73001423,PTEN,missense,MODERATE
PDX_T05,chr2,141464888,PALB2,missense,MODERATE
PDX_T05,chr7,15034156,MYC,frameshift,HIGH
PDX_T05,chr14,146878870,ERBB2,missense,MODERATE
PDX_T05,chr9,145181573,PALB2,missense,MODERATE
PDX_T05,chr7,81985755,MSH2,nonsense,HIGH
PDX_T06,chr14,188386749,PTEN,missense,MODERATE
PDX_T06,chr12,182804525,BRCA1,nonsense,HIGH
PDX_T06,chr3,38727263,MYC,inframe_indel,MODERATE
PDX_T06,chr1,83321600,TP53,missense,MODERATE
PDX_T06,chr6,186066844,KRAS,nonsense,HIGH
PDX_T06,chr17,74125728,ERBB2,inframe_indel,MODERATE
PDX_T06,chr9,53260255,MSH2,nonsense,HIGH
PDX_T06,chr8,198617655,CDH1,missense,MODERATE
PDX_T06,chr3,115667142,CDKN2A,nonsense,HIGH
PDX_T06,chr1,72509919,BRCA2,missense,MODERATE
PDX_T06,chr10,35894339,MLH1,nonsense,HIGH
PDX_T06,chr19,62607127,TP53,splice_site,MODERATE
PDX_T06,chr22,173692012,KRAS,nonsense,HIGH
PDX_T06,chr18,183934768,BRAF,missense,MODERATE
PDX_T06,chr8,55956128,CHEK2,missense,MODERATE
PDX_T06,chr7,144490417,CHEK2,nonsense,HIGH
PDX_T06,chr4,198498248,ATM,inframe_indel,MODERATE
PDX_T06,chr20,187940901,TP53,missense,MODERATE
PDX_T06,chr14,68260401,PTEN,missense,MODERATE
PDX_T06,chr22,74582061,BRCA1,missense,MODERATE
PDX_T06,chr8,14499559,BRAF,missense,MODERATE
PDX_T06,chr5,166721280,ATM,inframe_indel,MODERATE
PDX_T06,chr4,76434916,ERBB2,inframe_indel,MODERATE
PDX_T06,chr16,45187988,PALB2,missense,MODERATE
PDX_T06,chr13,20645012,TP53,splice_site,MODERATE
PDX_T07,chr4,32454334,MSH2,missense,MODERATE
PDX_T07,chr10,61618616,MYC,frameshift,HIGH
PDX_T07,chr11,72466659,PALB2,frameshift,HIGH
PDX_T07,chr22,161036254,CHEK2,inframe_indel,MODERATE
PDX_T07,chr4,51694000,ERBB2,missense,MODERATE
PDX_T07,chr14,28444358,TP53,inframe_indel,MODERATE
PDX_T07,chr7,21325475,BRCA2,missense,MODERATE
PDX_T07,chr12,121429453,KRAS,frameshift,HIGH
PDX_T07,chr11,125698424,PALB2,missense,MODERATE
PDX_T07,chr22,86096553,PALB2,missense,MODERATE
PDX_T07,chr7,60006134,PTEN,missense,MODERATE
PDX_T07,chr18,166901690,ATM,missense,MODERATE
PDX_T07,chr12,190581712,BRCA1,missense,MODERATE
PDX_T07,chr13,26802631,MYC,missense,MODERATE
PDX_T07,chr6,16293898,CDKN2A,missense,MODERATE
PDX_T07,chr7,134851922,TP53,nonsense,HIGH
PDX_T07,chr2,39147432,ATM,frameshift,HIGH
PDX_T07,chr12,180401743,CDH1,frameshift,HIGH
PDX_T07,chr9,196229545,KRAS,frameshift,HIGH
PDX_T07,chr15,60934865,PIK3CA,missense,MODERATE
PDX_T07,chr18,7138164,MYC,missense,MODERATE
PDX_T07,chr13,97386287,ERBB2,frameshift,HIGH
PDX_T07,chr1,148872057,PIK3CA,nonsense,HIGH
PDX_T07,chr5,59459397,MSH2,nonsense,HIGH
PDX_T07,chr12,73046692,TP53,missense,MODERATE
PDX_T08,chr1,185950950,PIK3CA,missense,MODERATE
PDX_T08,chr19,7446464,BRCA2,missense,MODERATE
PDX_T08,chr5,102326687,KRAS,missense,MODERATE
PDX_T08,chr14,121162394,PALB2,missense,MODERATE
PDX_T08,chr4,168095980,MYC,missense,MODERATE
PDX_T08,chr1,168828534,PIK3CA,inframe_indel,MODERATE
PDX_T08,chr11,130379339,EGFR,missense,MODERATE
PDX_T08,chr2,141851327,CDKN2A,inframe_indel,MODERATE
PDX_T08,chr11,40542577,KRAS,missense,MODERATE
PDX_T08,chr9,121268490,PIK3CA,missense,MODERATE
PDX_T08,chr3,93860855,RB1,frameshift,HIGH
PDX_T08,chr16,24431183,PALB2,frameshift,HIGH
PDX_T08,chr11,172657988,BRCA1,missense,MODERATE
PDX_T08,chr16,155779616,BRCA2,missense,MODERATE
PDX_T08,chr4,123642925,PALB2,missense,MODERATE
PDX_T08,chr7,187042635,APC,nonsense,HIGH
PDX_T08,chr5,82746611,RB1,frameshift,HIGH
PDX_T08,chr2,118496083,MSH2,nonsense,HIGH
PDX_T08,chr22,83016783,KRAS,missense,MODERATE
PDX_T08,chr3,97476243,MYC,missense,MODERATE
PDX_T08,chr3,6937572,PIK3CA,splice_site,MODERATE
PDX_T08,chr15,26867336,MLH1,missense,MODERATE
PDX_T08,chr2,181331240,MSH2,missense,MODERATE
PDX_T08,chr12,150433549,CHEK2,missense,MODERATE
PDX_T08,chr4,2894424,CDKN2A,nonsense,HIGH
PDX_T09,chr17,93440427,ERBB2,missense,MODERATE
PDX_T09,chr12,24415200,ATM,missense,MODERATE
PDX_T09,chr12,79312155,VHL,missense,MODERATE
PDX_T09,chr2,13687343,PALB2,missense,MODERATE
PDX_T09,chr10,117130411,EGFR,missense,MODERATE
PDX_T09,chr12,126830026,MYC,missense,MODERATE
PDX_T09,chr15,121941982,PTEN,frameshift,HIGH
PDX_T09,chr20,80098525,BRCA2,frameshift,HIGH
PDX_T09,chr20,184119221,BRAF,missense,MODERATE
PDX_T09,chr11,146065656,ERBB2,missense,MODERATE
PDX_T09,chr6,98909576,CDH1,frameshift,HIGH
PDX_T09,chr6,63228341,KRAS,missense,MODERATE
PDX_T09,chr17,15517317,BRAF,nonsense,HIGH
PDX_T09,chr11,145493489,ATM,splice_site,MODERATE
PDX_T09,chr2,110551154,BRCA1,inframe_indel,MODERATE
PDX_T09,chr19,75635292,RB1,missense,MODERATE
PDX_T09,chr1,41441453,TP53,missense,MODERATE
PDX_T09,chr9,199868148,MYC,missense,MODERATE
PDX_T09,chr19,108634558,MSH2,nonsense,HIGH
PDX_T09,chr22,135798681,APC,frameshift,HIGH
PDX_T09,chr16,7291501,CDH1,missense,MODERATE
PDX_T09,chr3,177081221,CDH1,missense,MODERATE
PDX_T09,chr19,151069380,ATM,missense,MODERATE
PDX_T09,chr12,142837675,CDKN2A,nonsense,HIGH
PDX_T09,chr19,127248417,RB1,missense,MODERATE
PDX_T10,chr14,183253266,PIK3CA,nonsense,HIGH
PDX_T10,chr2,138906953,ATM,missense,MODERATE
PDX_T10,chr4,23148650,CDH1,frameshift,HIGH
PDX_T10,chr14,167377059,MYC,missense,MODERATE
PDX_T10,chr4,11849969,ERBB2,missense,MODERATE
PDX_T10,chr16,89848858,TP53,missense,MODERATE
PDX_T10,chr14,113211783,RB1,missense,MODERATE
PDX_T10,chr5,199715607,PTEN,missense,MODERATE
PDX_T10,chr22,123335673,BRCA2,nonsense,HIGH
PDX_T10,chr6,7662064,VHL,nonsense,HIGH
PDX_T10,chr18,56825593,RB1,missense,MODERATE
PDX_T10,chr1,97985592,MSH2,nonsense,HIGH
PDX_T10,chr17,53771564,CDH1,missense,MODERATE
PDX_T10,chr4,71416227,BRCA2,splice_site,MODERATE
PDX_T10,chr13,141229103,BRCA2,nonsense,HIGH
PDX_T10,chr22,179978486,ATM,frameshift,HIGH
PDX_T10,chr20,145826899,ATM,missense,MODERATE
PDX_T10,chr21,83327196,ERBB2,missense,MODERATE
PDX_T10,chr7,197812105,TP53,missense,MODERATE
PDX_T10,chr19,95611591,MYC,nonsense,HIGH
PDX_T10,chr7,137514480,MSH2,missense,MODERATE
PDX_T10,chr20,196524692,TP53,missense,MODERATE
PDX_T10,chr6,84670026,ATM,missense,MODERATE
PDX_T10,chr7,190579493,MLH1,missense,MODERATE
PDX_T10,chr5,178198334,BRCA2,missense,MODERATE
PDX_T11,chr18,175814084,CDKN2A,missense,MODERATE
PDX_T11,chr14,117807834,VHL,inframe_indel,MODERATE
PDX_T11,chr5,32372900,APC,missense,MODERATE
PDX_T11,chr7,6516065,BRCA2,missense,MODERATE
PDX_T11,chr7,94769588,ERBB2,splice_site,MODERATE
PDX_T11,chr21,14373785,PIK3CA,missense,MODERATE
PDX_T11,chr6,101393771,EGFR,nonsense,HIGH
PDX_T11,chr22,185075539,CDH1,missense,MODERATE
PDX_T11,chr2,176497592,MSH2,missense,MODERATE
PDX_T11,chr18,116801669,ATM,nonsense,HIGH
PDX_T11,chr10,137386370,MSH2,splice_site,MODERATE
PDX_T11,chr21,99872039,TP53,inframe_indel,MODERATE
PDX_T11,chr21,110931897,PALB2,nonsense,HIGH
PDX_T11,chr9,138792588,MSH2,missense,MODERATE
PDX_T11,chr6,104642251,PIK3CA,missense,MODERATE
PDX_T11,chr10,143634067,CDH1,inframe_indel,MODERATE
PDX_T11,chr6,184434259,APC,missense,MODERATE
PDX_T11,chr22,154982885,BRAF,missense,MODERATE
PDX_T11,chr10,125732197,BRCA2,missense,MODERATE
PDX_T11,chr14,66473263,BRCA1,missense,MODERATE
PDX_T11,chr17,92161279,BRCA1,missense,MODERATE
PDX_T11,chr4,183611562,ATM,missense,MODERATE
PDX_T11,chr6,133783469,MLH1,missense,MODERATE
PDX_T11,chr2,194996513,CDH1,missense,MODERATE
PDX_T11,chr10,108875656,MYC,frameshift,HIGH
PDX_T12,chr14,171536640,BRCA1,missense,MODERATE
PDX_T12,chr13,140395214,APC,splice_site,MODERATE
PDX_T12,chr4,75169976,ATM,frameshift,HIGH
PDX_T12,chr7,133436242,BRAF,missense,MODERATE
PDX_T12,chr21,73654496,BRAF,frameshift,HIGH
PDX_T12,chr19,156988386,TP53,missense,MODERATE
PDX_T12,chr7,177200269,PIK3CA,splice_site,MODERATE
PDX_T12,chr3,36332054,MYC,frameshift,HIGH
PDX_T12,chr5,34887249,TP53,missense,MODERATE
PDX_T12,chr4,179095636,PALB2,missense,MODERATE
PDX_T12,chr9,70256848,BRAF,missense,MODERATE
PDX_T12,chr8,48958644,MLH1,frameshift,HIGH
PDX_T12,chr9,189504723,BRAF,frameshift,HIGH
PDX_T12,chr14,131563234,CHEK2,nonsense,HIGH
PDX_T12,chr14,58221483,ERBB2,missense,MODERATE
PDX_T12,chr9,165518703,MYC,missense,MODERATE
PDX_T12,chr5,192852023,CDH1,missense,MODERATE
PDX_T12,chr18,165228266,APC,missense,MODERATE
PDX_T12,chr14,151648153,MSH2,frameshift,HIGH
PDX_T12,chr8,12804207,PALB2,missense,MODERATE
PDX_T12,chr13,119049373,PALB2,nonsense,HIGH
PDX_T12,chr3,13208383,TP53,missense,MODERATE
PDX_T12,chr2,151292248,CHEK2,missense,MODERATE
PDX_T12,chr13,93189659,ERBB2,missense,MODERATE
PDX_T12,chr1,133262122,PALB2,missense,MODERATE
PDX_T13,chr8,76352063,ERBB2,missense,MODERATE
PDX_T13,chr4,187043421,CDKN2A,missense,MODERATE
PDX_T13,chr2,190842957,BRCA1,missense,MODERATE
PDX_T13,chr8,166485843,BRCA1,missense,MODERATE
PDX_T13,chr22,33109376,PIK3CA,missense,MODERATE
PDX_T13,chr22,8823996,PIK3CA,missense,MODERATE
PDX_T13,chr17,63951988,CDH1,missense,MODERATE
PDX_T13,chr20,89617589,MSH2,splice_site,MODERATE
PDX_T13,chr14,33690371,VHL,nonsense,HIGH
PDX_T13,chr8,147149568,MYC,nonsense,HIGH
PDX_T13,chr9,124766674,PALB2,missense,MODERATE
PDX_T13,chr11,81281813,BRCA1,missense,MODERATE
PDX_T13,chr19,166522480,PTEN,inframe_indel,MODERATE
PDX_T13,chr8,109558927,VHL,missense,MODERATE
PDX_T13,chr21,80051560,MLH1,missense,MODERATE
PDX_T13,chr15,54237464,BRCA1,inframe_indel,MODERATE
PDX_T13,chr2,74933146,PIK3CA,nonsense,HIGH
PDX_T13,chr16,188863664,CDKN2A,splice_site,MODERATE
PDX_T13,chr19,159335315,MYC,nonsense,HIGH
PDX_T13,chr8,36736018,BRCA2,frameshift,HIGH
PDX_T13,chr15,44898078,RB1,missense,MODERATE
PDX_T13,chr10,34808842,PALB2,missense,MODERATE
PDX_T13,chr4,175293168,PTEN,splice_site,MODERATE
PDX_T13,chr6,126674234,MYC,missense,MODERATE
PDX_T13,chr20,8342138,CDH1,missense,MODERATE
PDX_T14,chr2,179399758,EGFR,nonsense,HIGH
PDX_T14,chr4,116091797,ATM,missense,MODERATE
PDX_T14,chr8,132623715,KRAS,missense,MODERATE
PDX_T14,chr2,5092271,KRAS,missense,MODERATE
PDX_T14,chr12,185040751,CHEK2,missense,MODERATE
PDX_T14,chr20,29060267,RB1,frameshift,HIGH
PDX_T14,chr21,64004579,EGFR,inframe_indel,MODERATE
PDX_T14,chr17,131392211,PALB2,nonsense,HIGH
PDX_T14,chr12,89804447,ERBB2,frameshift,HIGH
PDX_T14,chr6,161260558,CDKN2A,frameshift,HIGH
PDX_T14,chr15,78715142,CHEK2,missense,MODERATE
PDX_T14,chr16,73083481,BRCA2,missense,MODERATE
PDX_T14,chr13,49778627,MSH2,frameshift,HIGH
PDX_T14,chr8,41812268,KRAS,missense,MODERATE
PDX_T14,chr5,112001521,PALB2,missense,MODERATE
PDX_T14,chr22,11843355,APC,nonsense,HIGH
PDX_T14,chr3,1814206,BRAF,missense,MODERATE
PDX_T14,chr11,82232920,CDH1,missense,MODERATE
PDX_T14,chr3,37163289,CDKN2A,frameshift,HIGH
PDX_T14,chr18,111090842,ERBB2,missense,MODERATE
PDX_T14,chr16,34646953,APC,splice_site,MODERATE
PDX_T14,chr6,164216875,MYC,missense,MODERATE
PDX_T14,chr22,170825006,VHL,missense,MODERATE
PDX_T14,chr14,71957968,PIK3CA,missense,MODERATE
PDX_T14,chr5,9625984,BRCA1,inframe_indel,MODERATE
PDX_T15,chr10,114365063,TP53,frameshift,HIGH
PDX_T15,chr13,133321669,PTEN,inframe_indel,MODERATE
PDX_T15,chr6,42155488,PTEN,nonsense,HIGH
PDX_T15,chr3,164336356,PTEN,missense,MODERATE
PDX_T15,chr17,158609267,PIK3CA,inframe_indel,MODERATE
PDX_T15,chr15,120450644,PIK3CA,missense,MODERATE
PDX_T15,chr15,75740396,BRAF,inframe_indel,MODERATE
PDX_T15,chr18,72330809,MSH2,missense,MODERATE
PDX_T15,chr15,121014790,VHL,missense,MODERATE
PDX_T15,chr2,96395781,CDH1,missense,MODERATE
PDX_T15,chr13,180554853,PALB2,nonsense,HIGH
PDX_T15,chr8,113188264,MYC,missense,MODERATE
PDX_T15,chr2,122513587,ATM,missense,MODERATE
PDX_T15,chr1,92525552,PTEN,nonsense,HIGH
PDX_T15,chr7,61134761,MLH1,frameshift,HIGH
PDX_T15,chr8,168479452,RB1,nonsense,HIGH
PDX_T15,chr14,47278517,BRCA2,splice_site,MODERATE
PDX_T15,chr9,15959139,ERBB2,missense,MODERATE
PDX_T15,chr11,7154209,PALB2,missense,MODERATE
PDX_T15,chr18,154409670,ATM,splice_site,MODERATE
PDX_T15,chr7,55951460,KRAS,missense,MODERATE
PDX_T15,chr1,57008766,PALB2,missense,MODERATE
PDX_T15,chr10,17295481,EGFR,frameshift,HIGH
PDX_T15,chr16,82858967,KRAS,missense,MODERATE
PDX_T15,chr19,11421999,APC,missense,MODERATE
