Model,Chromosome,Position,Gene,Ref,Alt,Variant_Type,Impact
PDX_C01,chr5,182647814,CDH1,A,A,missense,MODERATE
PDX_C01,chr13,139206500,BRAF,T,A,nonsense,HIGH
PDX_C01,chr11,132888222,BRCA1,G,G,frameshift,HIGH
PDX_C01,chr4,84321060,PTEN,A,A,missense,MODERATE
PDX_C01,chr14,190817363,ERBB2,C,G,missense,MODERATE
PDX_C01,chr2,61579226,CDH1,G,C,missense,MODERATE
PDX_C01,chr9,34685504,CDH1,A,A,inframe_indel,MODERATE
PDX_C01,chr20,13072440,CDH1,T,C,splice_site,MODERATE
PDX_C01,chr9,118622114,PTEN,G,A,splice_site,MODERATE
PDX_C01,chr16,59815701,MLH1,T,A,missense,MODERATE
PDX_C01,chr4,5616450,BRCA1,A,C,splice_site,MODERATE
PDX_C01,chr3,158073904,PALB2,G,C,missense,MODERATE
PDX_C01,chr8,100980291,ERBB2,T,A,missense,MODERATE
PDX_C01,chr9,133486696,BRCA1,C,A,inframe_indel,MODERATE
PDX_C01,chr21,159515663,ERBB2,A,C,missense,MODERATE
PDX_C01,chr4,83027264,PALB2,T,G,nonsense,HIGH
PDX_C01,chr16,7581934,RB1,G,A,missense,MODERATE
PDX_C01,chr2,182461504,MLH1,C,C,inframe_indel,MODERATE
PDX_C01,chr12,186121903,RB1,G,G,missense,MODERATE
PDX_C01,chr14,7095058,PIK3CA,G,A,missense,MODERATE
PDX_C01,chr1,44775721,APC,A,T,inframe_indel,MODERATE
PDX_C01,chr14,138803715,BRCA1,G,T,splice_site,MODERATE
PDX_C01,chr11,95536891,BRCA1,T,A,missense,MODERATE
PDX_C01,chr19,153896076,EGFR,T,T,nonsense,HIGH
PDX_C01,chr15,114737770,BRCA2,T,G,splice_site,MODERATE
PDX_C02,chr14,93021634,BRCA2,T,G,missense,MODERATE
PDX_C02,chr1,97221241,KRAS,T,A,missense,MODERATE
PDX_C02,chr7,74613992,BRCA2,G,T,missense,MODERATE
PDX_C02,chr21,3637140,MSH2,T,A,nonsense,HIGH
PDX_C02,chr8,173191163,TP53,T,C,nonsense,HIGH
PDX_C02,chr13,188163512,MLH1,C,A,frameshift,HIGH
PDX_C02,chr8,132441921,EGFR,A,C,missense,MODERATE
PDX_C02,chr2,30632491,APC,A,G,nonsense,HIGH
PDX_C02,chr21,135099586,ERBB2,G,T,nonsense,HIGH
PDX_C02,chr13,104060228,PALB2,G,A,nonsense,HIGH
PDX_C02,chr18,159558210,MYC,A,G,missense,MODERATE
PDX_C02,chr21,146666505,KRAS,C,A,nonsense,HIGH
PDX_C02,chr1,157349510,MSH2,C,C,nonsense,HIGH
PDX_C02,chr21,91116405,ATM,A,G,missense,MODERATE
PDX_C02,chr3,30838928,BRAF,A,G,splice_site,MODERATE
PDX_C02,chr19,12750033,CDKN2A,C,T,missense,MODERATE
PDX_C02,chr18,83259494,PIK3CA,G,T,nonsense,HIGH
PDX_C02,chr6,159996528,EGFR,A,G,missense,MODERATE
PDX_C02,chr19,28506975,KRAS,T,G,missense,MODERATE
PDX_C02,chr5,173383281,MSH2,T,A,missense,MODERATE
PDX_C02,chr14,61022622,KRAS,G,C,nonsense,HIGH
PDX_C02,chr8,168857516,ATM,A,A,nonsense,HIGH
PDX_C02,chr5,127453841,PIK3CA,T,T,frameshift,HIGH
PDX_C02,chr9,161273491,KRAS,A,T,missense,MODERATE
PDX_C02,chr6,21691806,BRCA2,C,A,missense,MODERATE
PDX_C03,chr4,98277711,BRAF,C,T,splice_site,MODERATE
PDX_C03,chr9,144605881,PTEN,G,C,missense,MODERATE
PDX_C03,chr10,116268974,ATM,A,C,missense,MODERATE
PDX_C03,chr2,152689740,BRCA2,C,A,missense,MODERATE
PDX_C03,chr6,27520860,BRAF,C,G,missense,MODERATE
PDX_C03,chr16,11713955,ATM,A,C,missense,MODERATE
PDX_C03,chr19,42663696,VHL,T,T,frameshift,HIGH
PDX_C03,chr20,75806822,PIK3CA,G,C,splice_site,MODERATE
PDX_C03,chr16,47897823,CHEK2,T,G,nonsense,HIGH
PDX_C03,chr12,118346210,BRCA1,A,T,missense,MODERATE
PDX_C03,chr1,80780273,ATM,G,T,missense,MODERATE
PDX_C03,chr16,178303615,ERBB2,T,A,frameshift,HIGH
PDX_C03,chr18,172766873,BRAF,T,G,nonsense,HIGH
PDX_C03,chr5,199044494,APC,T,C,missense,MODERATE
PDX_C03,chr9,182045344,BRAF,T,C,nonsense,HIGH
PDX_C03,chr12,79551446,MLH1,C,T,nonsense,HIGH
PDX_C03,chr18,110458675,MLH1,C,A,missense,MODERATE
PDX_C03,chr16,31927678,PALB2,G,A,missense,MODERATE
PDX_C03,chr3,54983756,BRAF,C,C,missense,MODERATE
PDX_C03,chr14,126844369,ATM,A,C,splice_site,MODERATE
PDX_C03,chr4,190539685,CDKN2A,C,G,missense,MODERATE
PDX_C03,chr5,152789686,PTEN,T,C,frameshift,HIGH
PDX_C03,chr21,188203839,CDH1,G,C,missense,MODERATE
PDX_C03,chr22,39129261,PTEN,C,A,missense,MODERATE
PDX_C03,chr11,84252179,TP53,G,T,inframe_indel,MODERATE
PDX_C04,chr12,136435001,PTEN,T,G,missense,MODERATE
PDX_C04,chr22,195278300,CHEK2,G,G,inframe_indel,MODERATE
PDX_C04,chr20,168015296,CDH1,T,C,inframe_indel,MODERATE
PDX_C04,chr13,52550696,BRAF,G,G,nonsense,HIGH
PDX_C04,chr14,94940778,CDH1,C,A,missense,MODERATE
PDX_C04,chr19,32356567,ATM,T,G,missense,MODERATE
PDX_C04,chr5,90593259,KRAS,A,A,missense,MODERATE
PDX_C04,chr22,93187609,BRCA1,G,A,frameshift,HIGH
PDX_C04,chr22,46118480,CDKN2A,C,G,missense,MODERATE
PDX_C04,chr11,161599121,RB1,G,T,missense,MODERATE
PDX_C04,chr15,58129048,PIK3CA,A,C,nonsense,HIGH
PDX_C04,chr3,72999819,APC,C,A,missense,MODERATE
PDX_C04,chr5,193222129,PIK3CA,G,A,missense,MODERATE
PDX_C04,chr6,10615475,BRAF,G,T,frameshift,HIGH
PDX_C04,chr15,143432999,ERBB2,G,A,missense,MODERATE
PDX_C04,chr21,103280859,TP53,C,T,splice_site,MODERATE
PDX_C04,chr9,110069306,KRAS,G,C,missense,MODERATE
PDX_C04,chr6,172987256,KRAS,G,C,missense,MODERATE
PDX_C04,chr5,1016106,ATM,A,A,nonsense,HIGH
PDX_C04,chr18,145880398,PTEN,A,A,missense,MODERATE
PDX_C04,chr3,38876439,CDKN2A,G,A,nonsense,HIGH
PDX_C04,chr2,182028941,VHL,T,A,missense,MODERATE
PDX_C04,chr7,59803835,MLH1,A,C,nonsense,HIGH
PDX_C04,chr21,155133025,BRAF,G,A,missense,MODERATE
PDX_C04,chr21,130791885,CDH1,G,C,nonsense,HIGH
PDX_C05,chr16,37245195,ATM,G,T,splice_site,MODERATE
PDX_C05,chr14,28341361,MSH2,C,T,missense,MODERATE
PDX_C05,chr16,66648956,MSH2,C,G,frameshift,HIGH
PDX_C05,chr4,77181488,PIK3CA,G,G,nonsense,HIGH
PDX_C05,chr9,140915486,PIK3CA,T,A,frameshift,HIGH
PDX_C05,chr6,87949957,RB1,C,C,missense,MODERATE
PDX_C05,chr17,14407691,BRAF,C,G,missense,MODERATE
PDX_C05,chr2,195393486,RB1,G,C,nonsense,HIGH
PDX_C05,chr3,187053533,CDH1,A,G,missense,MODERATE
PDX_C05,chr21,91696056,BRCA1,A,A,missense,MODERATE
PDX_C05,chr10,107998324,CDH1,G,A,missense,MODERATE
PDX_C05,chr19,21441448,RB1,G,C,inframe_indel,MODERATE
PDX_C05,chr6,102048826,PTEN,C,A,missense,MODERATE
PDX_C05,chr6,187801758,VHL,G,T,missense,MODERATE
PDX_C05,chr6,2627988,ERBB2,T,G,splice_site,MODERATE
PDX_C05,chr9,192143503,PTEN,A,A,nonsense,HIGH
PDX_C05,chr4,17258340,TP53,A,G,missense,MODERATE
PDX_C05,chr20,140530026,CDH1,T,A,missense,MODERATE
PDX_C05,chr10,25970719,PTEN,A,A,missense,MODERATE
PDX_C05,chr2,165935718,PIK3CA,C,C,inframe_indel,MODERATE
PDX_C05,chr10,152197780,MSH2,T,A,missense,MODERATE
PDX_C05,chr18,119420882,PALB2,A,T,missense,MODERATE
PDX_C05,chr18,171911794,MYC,A,G,missense,MODERATE
PDX_C05,chr12,185918579,PIK3CA,G,T,inframe_indel,MODERATE
PDX_C05,chr1,145462879,CDH1,G,T,nonsense,HIGH
PDX_C06,chr1,17368043,MLH1,C,G,nonsense,HIGH
PDX_C06,chr4,66863475,MYC,A,A,missense,MODERATE
PDX_C06,chr11,78403834,BRCA1,G,T,frameshift,HIGH
PDX_C06,chr1,163316338,TP53,T,G,nonsense,HIGH
PDX_C06,chr4,61363132,MYC,G,T,missense,MODERATE
PDX_C06,chr14,78082378,ATM,G,A,missense,MODERATE
PDX_C06,chr14,107749788,APC,G,A,splice_site,MODERATE
PDX_C06,chr18,84142364,KRAS,G,A,inframe_indel,MODERATE
PDX_C06,chr11,137570624,ERBB2,C,G,missense,MODERATE
PDX_C06,chr12,169968970,CDKN2A,A,A,missense,MODERATE
PDX_C06,chr10,147180013,CDKN2A,C,G,missense,MODERATE
PDX_C06,chr3,180645532,KRAS,C,A,nonsense,HIGH
PDX_C06,chr8,13081046,RB1,T,A,splice_site,MODERATE
PDX_C06,chr1,151528440,BRAF,A,A,missense,MODERATE
PDX_C06,chr16,135913666,BRAF,C,G,nonsense,HIGH
PDX_C06,chr5,162211099,PALB2,C,C,missense,MODERATE
PDX_C06,chr4,126130853,CHEK2,T,G,splice_site,MODERATE
PDX_C06,chr5,108737348,CDKN2A,G,T,frameshift,HIGH
PDX_C06,chr7,179357385,KRAS,A,T,missense,MODERATE
PDX_C06,chr5,50538193,PTEN,G,A,splice_site,MODERATE
PDX_C06,chr8,136582755,MYC,T,G,missense,MODERATE
PDX_C06,chr14,129360032,PIK3CA,A,G,missense,MODERATE
PDX_C06,chr15,8895207,PTEN,C,A,nonsense,HIGH
PDX_C06,chr4,182397876,BRCA2,G,G,missense,MODERATE
PDX_C06,chr16,165282305,CDH1,G,A,inframe_indel,MODERATE
PDX_C07,chr14,140164465,TP53,A,G,frameshift,HIGH
PDX_C07,chr18,3974816,MSH2,T,C,missense,MODERATE
PDX_C07,chr5,84815540,BRCA1,T,A,missense,MODERATE
PDX_C07,chr4,44778099,ERBB2,T,C,missense,MODERATE
PDX_C07,chr2,134541157,CHEK2,G,G,missense,MODERATE
PDX_C07,chr3,92673449,APC,T,C,nonsense,HIGH
PDX_C07,chr12,69948900,PTEN,T,T,splice_site,MODERATE
PDX_C07,chr6,47929011,VHL,A,T,missense,MODERATE
PDX_C07,chr5,102172595,MLH1,T,C,missense,MODERATE
PDX_C07,chr15,169925954,MLH1,A,A,missense,MODERATE
PDX_C07,chr14,84197976,PTEN,T,A,missense,MODERATE
PDX_C07,chr2,11516968,TP53,C,T,frameshift,HIGH
PDX_C07,chr2,10961532,CHEK2,A,C,missense,MODERATE
PDX_C07,chr21,86932544,MSH2,A,A,missense,MODERATE
PDX_C07,chr3,88344730,ATM,A,A,missense,MODERATE
PDX_C07,chr18,132381778,ATM,T,G,missense,MODERATE
PDX_C07,chr7,15875420,TP53,G,C,missense,MODERATE
PDX_C07,chr6,3559754,EGFR,A,A,frameshift,HIGH
PDX_C07,chr17,95749457,MLH1,C,A,missense,MODERATE
PDX_C07,chr13,196834601,PALB2,C,T,missense,MODERATE
PDX_C07,chr13,63927534,MYC,C,T,missense,MODERATE
PDX_C07,chr11,102476406,PIK3CA,T,C,frameshift,HIGH
PDX_C07,chr22,172834945,CHEK2,T,T,nonsense,HIGH
PDX_C07,chr12,85653603,VHL,C,G,splice_site,MODERATE
PDX_C07,chr4,114495742,CHEK2,T,A,missense,MODERATE
PDX_C08,chr18,33751503,BRCA1,C,A,missense,MODERATE
PDX_C08,chr7,12174764,MLH1,C,C,nonsense,HIGH
PDX_C08,chr3,98766787,APC,A,T,missense,MODERATE
PDX_C08,chr20,88971657,VHL,T,T,splice_site,MODERATE
PDX_C08,chr22,168530893,EGFR,A,A,missense,MODERATE
PDX_C08,chr1,15037216,KRAS,A,T,missense,MODERATE
PDX_C08,chr3,81483630,RB1,C,T,nonsense,HIGH
PDX_C08,chr21,164081027,ERBB2,C,G,missense,MODERATE
PDX_C08,chr13,29813509,BRAF,G,T,missense,MODERATE
PDX_C08,chr3,107727011,ATM,A,C,splice_site,MODERATE
PDX_C08,chr15,27750607,CHEK2,T,T,frameshift,HIGH
PDX_C08,chr2,184433950,BRCA1,G,T,frameshift,HIGH
PDX_C08,chr22,131099444,BRCA2,G,C,missense,MODERATE
PDX_C08,chr14,67860896,APC,G,T,missense,MODERATE
PDX_C08,chr18,45891893,PIK3CA,G,C,missense,MODERATE
PDX_C08,chr1,8127747,KRAS,G,C,missense,MODERATE
PDX_C08,chr21,79510866,VHL,T,G,frameshift,HIGH
PDX_C08,chr17,176057855,BRCA1,A,G,missense,MODERATE
PDX_C08,chr5,77573168,BRAF,T,C,nonsense,HIGH
PDX_C08,chr14,196618901,ATM,T,A,splice_site,MODERATE
PDX_C08,chr22,70048670,TP53,C,G,missense,MODERATE
PDX_C08,chr19,109812338,EGFR,G,G,missense,MODERATE
PDX_C08,chr16,146342351,ERBB2,T,G,missense,MODERATE
PDX_C08,chr11,103033293,VHL,A,A,nonsense,HIGH
PDX_C08,chr11,188408241,BRCA1,T,C,nonsense,HIGH
PDX_C09,chr6,195175934,RB1,G,A,frameshift,HIGH
PDX_C09,chr1,33633322,MYC,G,A,missense,MODERATE
PDX_C09,chr11,127072049,MSH2,G,C,missense,MODERATE
PDX_C09,chr10,20182557,ATM,A,A,missense,MODERATE
PDX_C09,chr19,189902209,BRAF,C,C,missense,MODERATE
PDX_C09,chr17,16318750,BRCA1,G,A,splice_site,MODERATE
PDX_C09,chr1,56620780,CDH1,A,C,missense,MODERATE
PDX_C09,chr12,190208722,TP53,T,A,missense,MODERATE
PDX_C09,chr14,181650128,RB1,A,T,missense,MODERATE
PDX_C09,chr5,147265831,BRCA2,C,C,inframe_indel,MODERATE
PDX_C09,chr20,76362053,TP53,A,C,frameshift,HIGH
PDX_C09,chr18,148928862,EGFR,A,C,missense,MODERATE
PDX_C09,chr18,153976005,VHL,C,T,frameshift,HIGH
PDX_C09,chr20,108061160,CDKN2A,A,G,missense,MODERATE
PDX_C09,chr21,119247743,CHEK2,A,A,missense,MODERATE
PDX_C09,chr2,24810512,APC,C,C,missense,MODERATE
PDX_C09,chr8,131406643,PIK3CA,A,T,missense,MODERATE
PDX_C09,chr5,33003700,KRAS,T,C,missense,MODERATE
PDX_C09,chr11,81188308,APC,T,G,missense,MODERATE
PDX_C09,chr13,174806983,APC,T,A,missense,MODERATE
PDX_C09,chr14,142421676,CDKN2A,A,C,frameshift,HIGH
PDX_C09,chr8,2368093,RB1,A,T,frameshift,HIGH
PDX_C09,chr8,135446369,CDKN2A,A,T,missense,MODERATE
PDX_C09,chr17,160569853,MYC,T,T,nonsense,HIGH
PDX_C09,chr4,51430492,TP53,C,G,frameshift,HIGH
PDX_C10,chr17,91050865,APC,C,G,missense,MODERATE
PDX_C10,chr21,18003497,BRAF,G,A,missense,MODERATE
PDX_C10,chr20,30917046,PTEN,T,T,nonsense,HIGH
PDX_C10,chr6,124391175,CHEK2,C,A,missense,MODERATE
PDX_C10,chr20,164164248,EGFR,C,T,frameshift,HIGH
PDX_C10,chr9,142506110,BRAF,G,G,nonsense,HIGH
PDX_C10,chr19,160265306,ATM,G,A,missense,MODERATE
PDX_C10,chr19,28874023,CDH1,G,G,missense,MODERATE
PDX_C10,chr11,132310883,BRCA1,A,T,nonsense,HIGH
PDX_C10,chr15,152833437,ERBB2,T,G,splice_site,MODERATE
PDX_C10,chr8,190269470,MYC,A,G,nonsense,HIGH
PDX_C10,chr5,110272109,ATM,G,A,nonsense,HIGH
PDX_C10,chr15,104158637,MYC,A,G,splice_site,MODERATE
PDX_C10,chr12,79476120,ATM,A,G,missense,MODERATE
PDX_C10,chr18,70343750,APC,T,A,splice_site,MODERATE
PDX_C10,chr19,159036052,KRAS,T,C,missense,MODERATE
PDX_C10,chr21,19808703,VHL,C,G,nonsense,HIGH
PDX_C10,chr14,31423365,APC,T,T,nonsense,HIGH
PDX_C10,chr15,183937586,ATM,T,G,missense,MODERATE
PDX_C10,chr4,143011773,PIK3CA,A,A,missense,MODERATE
PDX_C10,chr10,128388399,PALB2,G,T,missense,MODERATE
PDX_C10,chr15,147434414,APC,A,G,frameshift,HIGH
PDX_C10,chr15,98419961,CDH1,C,A,missense,MODERATE
PDX_C10,chr13,110568891,PIK3CA,C,G,missense,MODERATE
PDX_C10,chr5,140381567,MLH1,A,T,missense,MODERATE
PDX_C11,chr7,101186915,APC,C,T,inframe_indel,MODERATE
PDX_C11,chr16,67820847,CDKN2A,A,C,nonsense,HIGH
PDX_C11,chr19,101639041,PALB2,C,A,missense,MODERATE
PDX_C11,chr18,91552192,MYC,A,T,inframe_indel,MODERATE
PDX_C11,chr11,77356177,PALB2,C,G,inframe_indel,MODERATE
PDX_C11,chr15,194261501,PALB2,G,C,nonsense,HIGH
PDX_C11,chr11,140144083,BRCA2,T,G,splice_site,MODERATE
PDX_C11,chr1,10933675,PTEN,T,G,nonsense,HIGH
PDX_C11,chr13,161421869,ERBB2,C,A,missense,MODERATE
PDX_C11,chr18,154741604,MLH1,C,T,splice_site,MODERATE
PDX_C11,chr9,8896858,BRCA2,G,A,missense,MODERATE
PDX_C11,chr18,63877349,MYC,A,G,inframe_indel,MODERATE
PDX_C11,chr8,66926433,APC,T,T,splice_site,MODERATE
PDX_C11,chr7,140800892,VHL,T,A,missense,MODERATE
PDX_C11,chr8,94849999,EGFR,G,A,frameshift,HIGH
PDX_C11,chr21,166816301,CDKN2A,A,C,missense,MODERATE
PDX_C11,chr7,22352744,CDH1,A,C,splice_site,MODERATE
PDX_C11,chr11,73673956,CDKN2A,A,G,missense,MODERATE
PDX_C11,chr7,127147653,EGFR,G,T,missense,MODERATE
PDX_C11,chr15,76226550,CHEK2,A,T,missense,MODERATE
PDX_C11,chr11,179682244,APC,G,C,splice_site,MODERATE
PDX_C11,chr14,164397735,MLH1,C,G,missense,MODERATE
PDX_C11,chr4,127300717,BRCA2,T,T,frameshift,HIGH
PDX_C11,chr21,50981342,KRAS,T,G,missense,MODERATE
PDX_C11,chr20,22518257,ATM,C,A,missense,MODERATE
PDX_C12,chr19,23418154,MSH2,A,T,missense,MODERATE
PDX_C12,chr6,124019339,PTEN,G,C,missense,MODERATE
PDX_C12,chr13,154582235,EGFR,C,T,missense,MODERATE
PDX_C12,chr7,133691286,BRCA1,C,C,frameshift,HIGH
PDX_C12,chr16,190671817,BRCA2,T,T,nonsense,HIGH
PDX_C12,chr2,85141804,BRAF,G,A,missense,MODERATE
PDX_C12,chr12,179175787,MYC,T,G,missense,MODERATE
PDX_C12,chr16,146879356,EGFR,C,G,frameshift,HIGH
PDX_C12,chr4,111986994,ERBB2,G,G,missense,MODERATE
PDX_C12,chr19,4778622,PIK3CA,G,C,missense,MODERATE
PDX_C12,chr22,181621529,KRAS,T,T,frameshift,HIGH
PDX_C12,chr10,38287872,ERBB2,T,G,missense,MODERATE
PDX_C12,chr13,108463161,CDH1,T,C,splice_site,MODERATE
PDX_C12,chr20,48382775,PTEN,T,A,missense,MODERATE
PDX_C12,chr2,23162140,EGFR,T,G,missense,MODERATE
PDX_C12,chr1,101089315,PIK3CA,T,C,missense,MODERATE
PDX_C12,chr1,177947983,APC,T,G,missense,MODERATE
PDX_C12,chr2,82735515,BRAF,G,A,missense,MODERATE
PDX_C12,chr21,153427964,MYC,G,C,missense,MODERATE
PDX_C12,chr11,93385054,ERBB2,T,G,nonsense,HIGH
PDX_C12,chr3,133085569,EGFR,G,G,missense,MODERATE
PDX_C12,chr8,175350709,EGFR,G,G,missense,MODERATE
PDX_C12,chr15,195778112,PIK3CA,T,C,missense,MODERATE
PDX_C12,chr8,75809773,BRCA1,A,T,missense,MODERATE
PDX_C12,chr2,100930148,VHL,T,T,missense,MODERATE
PDX_C13,chr13,57381450,RB1,T,G,frameshift,HIGH
PDX_C13,chr19,126573125,APC,C,A,missense,MODERATE
PDX_C13,chr15,16603003,EGFR,T,A,missense,MODERATE
PDX_C13,chr3,59872332,ATM,C,C,missense,MODERATE
PDX_C13,chr3,152992924,PTEN,G,C,nonsense,HIGH
PDX_C13,chr17,169230405,VHL,T,A,missense,MODERATE
PDX_C13,chr17,183137000,VHL,G,G,missense,MODERATE
PDX_C13,chr5,175084746,TP53,C,A,missense,MODERATE
PDX_C13,chr21,55940401,PIK3CA,T,A,splice_site,MODERATE
PDX_C13,chr10,164972676,ATM,C,G,missense,MODERATE
PDX_C13,chr3,167778648,BRCA1,C,G,missense,MODERATE
PDX_C13,chr9,68140096,PIK3CA,G,A,missense,MODERATE
PDX_C13,chr19,7904356,ERBB2,G,G,missense,MODERATE
PDX_C13,chr11,133682496,VHL,T,T,missense,MODERATE
PDX_C13,chr10,1303801,VHL,A,C,missense,MODERATE
PDX_C13,chr4,80523766,KRAS,T,A,missense,MODERATE
PDX_C13,chr8,39518201,VHL,A,G,missense,MODERATE
PDX_C13,chr18,6153108,EGFR,G,C,nonsense,HIGH
PDX_C13,chr17,49116838,TP53,A,A,nonsense,HIGH
PDX_C13,chr2,165346450,CDKN2A,G,G,missense,MODERATE
PDX_C13,chr4,86240306,BRCA1,A,C,frameshift,HIGH
PDX_C13,chr13,50705131,MLH1,G,T,missense,MODERATE
PDX_C13,chr17,46031219,PALB2,A,T,missense,MODERATE
PDX_C13,chr11,123969184,BRAF,T,T,missense,MODERATE
PDX_C13,chr9,128259866,ERBB2,T,C,missense,MODERATE
PDX_C14,chr18,29929773,PALB2,A,A,missense,MODERATE
PDX_C14,chr10,84826661,BRCA1,A,G,splice_site,MODERATE
PDX_C14,chr7,86156112,ERBB2,C,A,nonsense,HIGH
PDX_C14,chr9,112174783,BRCA2,A,G,missense,MODERATE
PDX_C14,chr13,22250047,APC,C,C,missense,MODERATE
PDX_C14,chr11,137618257,PALB2,A,A,splice_site,MODERATE
PDX_C14,chr9,145013877,BRAF,G,T,missense,MODERATE
PDX_C14,chr5,39041312,PTEN,G,C,frameshift,HIGH
PDX_C14,chr20,140696746,APC,T,C,missense,MODERATE
PDX_C14,chr14,48779687,APC,A,T,frameshift,HIGH
PDX_C14,chr1,10938607,MYC,T,A,splice_site,MODERATE
PDX_C14,chr13,83439279,EGFR,G,C,nonsense,HIGH
PDX_C14,chr13,8404085,MSH2,A,A,missense,MODERATE
PDX_C14,chr18,10142597,MSH2,C,A,nonsense,HIGH
PDX_C14,chr22,52847238,MSH2,C,T,frameshift,HIGH
PDX_C14,chr21,182847323,BRAF,C,A,missense,MODERATE
PDX_C14,chr13,76234292,MYC,C,G,frameshift,HIGH
PDX_C14,chr11,31287411,MSH2,G,T,missense,MODERATE
PDX_C14,chr20,50177253,MSH2,A,G,nonsense,HIGH
PDX_C14,chr22,60039110,MSH2,A,A,frameshift,HIGH
PDX_C14,chr22,30579411,PIK3CA,T,A,inframe_indel,MODERATE
PDX_C14,chr2,55219265,PIK3CA,A,C,inframe_indel,MODERATE
PDX_C14,chr18,73183454,MLH1,C,T,missense,MODERATE
PDX_C14,chr9,184843880,MSH2,G,C,frameshift,HIGH
PDX_C14,chr10,178272122,ERBB2,G,T,missense,MODERATE
PDX_C15,chr1,178570795,EGFR,G,A,frameshift,HIGH
PDX_C15,chr17,111243586,TP53,G,C,missense,MODERATE
PDX_C15,chr19,100293857,MYC,T,C,missense,MODERATE
PDX_C15,chr10,100973648,PALB2,C,C,missense,MODERATE
PDX_C15,chr14,170501962,BRCA2,T,A,frameshift,HIGH
PDX_C15,chr20,90272297,BRCA1,C,T,missense,MODERATE
PDX_C15,chr5,161735219,MSH2,A,C,missense,MODERATE
PDX_C15,chr17,116215149,VHL,T,A,missense,MODERATE
PDX_C15,chr10,35225430,CHEK2,G,T,missense,MODERATE
PDX_C15,chr13,135798919,BRCA1,G,G,missense,MODERATE
PDX_C15,chr7,41564351,CDH1,T,G,missense,MODERATE
PDX_C15,chr3,14809695,BRAF,C,G,missense,MODERATE
PDX_C15,chr20,170673921,BRAF,T,T,frameshift,HIGH
PDX_C15,chr4,182230778,CDH1,A,G,nonsense,HIGH
PDX_C15,chr4,146252940,CHEK2,G,G,missense,MODERATE
PDX_C15,chr14,39890852,MLH1,G,T,inframe_indel,MODERATE
PDX_C15,chr4,20589096,CHEK2,G,G,splice_site,MODERATE
PDX_C15,chr22,60517683,PALB2,T,G,nonsense,HIGH
PDX_C15,chr20,17516681,PIK3CA,T,T,splice_site,MODERATE
PDX_C15,chr2,19103435,EGFR,A,C,inframe_indel,MODERATE
PDX_C15,chr4,125441893,BRCA2,C,A,frameshift,HIGH
PDX_C15,chr17,174189916,MYC,G,T,missense,MODERATE
PDX_C15,chr6,31178907,RB1,A,G,missense,MODERATE
PDX_C15,chr1,82134742,APC,T,T,nonsense,HIGH
PDX_C15,chr9,93508502,MSH2,T,G,nonsense,HIGH
PDX_T01,chr19,197204690,MYC,A,G,nonsense,HIGH
PDX_T01,chr22,82463634,CDKN2A,G,G,missense,MODERATE
PDX_T01,chr18,96123556,PALB2,C,C,frameshift,HIGH
PDX_T01,chr21,133110196,MYC,A,G,splice_site,MODERATE
PDX_T01,chr1,126612288,BRCA1,G,A,missense,MODERATE
PDX_T01,chr11,106704245,VHL,G,A,missense,MODERATE
PDX_T01,chr12,190547512,PALB2,C,G,splice_site,MODERATE
PDX_T01,chr18,123610041,CHEK2,A,G,nonsense,HIGH
PDX_T01,chr16,106241063,CHEK2,G,A,splice_site,MODERATE
PDX_T01,chr19,19268448,EGFR,C,C,frameshift,HIGH
PDX_T01,chr2,115283093,MYC,G,T,missense,MODERATE
PDX_T01,chr14,153154634,BRCA1,G,A,nonsense,HIGH
PDX_T01,chr9,90216536,CDH1,G,C,splice_site,MODERATE
PDX_T01,chr10,117489143,TP53,T,A,missense,MODERATE
PDX_T01,chr22,137099338,VHL,G,G,missense,MODERATE
PDX_T01,chr14,123313453,BRCA2,C,A,inframe_indel,MODERATE
PDX_T01,chr10,110919235,APC,A,G,missense,MODERATE
PDX_T01,chr12,102363341,PALB2,G,T,missense,MODERATE
PDX_T01,chr16,188183662,TP53,C,C,missense,MODERATE
PDX_T01,chr9,42848916,MLH1,G,A,frameshift,HIGH
PDX_T01,chr5,54245573,CDH1,A,G,frameshift,HIGH
PDX_T01,chr5,173366865,PIK3CA,C,C,missense,MODERATE
PDX_T01,chr15,151376863,BRAF,C,T,inframe_indel,MODERATE
PDX_T01,chr22,64084568,ATM,G,G,missense,MODERATE
PDX_T01,chr15,171147718,MYC,G,G,inframe_indel,MODERATE
PDX_T02,chr8,28521137,PTEN,G,A,missense,MODERATE
PDX_T02,chr3,110048763,EGFR,C,T,missense,MODERATE
PDX_T02,chr7,115879592,ATM,A,T,missense,MODERATE
PDX_T02,chr18,48452777,PIK3CA,C,C,missense,MODERATE
PDX_T02,chr18,155043576,KRAS,A,T,missense,MODERATE
PDX_T02,chr8,12359332,BRCA2,C,T,missense,MODERATE
PDX_T02,chr9,166431138,CDH1,T,C,splice_site,MODERATE
PDX_T02,chr8,64294399,CDKN2A,G,T,nonsense,HIGH
PDX_T02,chr7,11504656,KRAS,C,A,missense,MODERATE
PDX_T02,chr1,187941345,PALB2,A,G,splice_site,MODERATE
PDX_T02,chr16,165666594,CDKN2A,T,T,nonsense,HIGH
PDX_T02,chr10,128422362,CDKN2A,A,T,missense,MODERATE
PDX_T02,chr4,196599603,BRAF,A,G,inframe_indel,MODERATE
PDX_T02,chr7,111826193,PALB2,A,T,missense,MODERATE
PDX_T02,chr18,158063815,CDKN2A,A,C,nonsense,HIGH
PDX_T02,chr6,82830204,BRAF,G,T,missense,MODERATE
PDX_T02,chr4,166498611,BRAF,T,A,missense,MODERATE
PDX_T02,chr17,161631021,CDKN2A,G,A,missense,MODERATE
PDX_T02,chr17,140687075,APC,C,G,frameshift,HIGH
PDX_T02,chr12,73323230,MYC,G,T,nonsense,HIGH
PDX_T02,chr1,48306651,ATM,A,G,nonsense,HIGH
PDX_T02,chr17,156456605,EGFR,C,G,nonsense,HIGH
PDX_T02,chr2,89474166,RB1,A,C,nonsense,HIGH
PDX_T02,chr15,20698783,ATM,C,A,missense,MODERATE
PDX_T02,chr18,49013305,MSH2,T,A,nonsense,HIGH
PDX_T03,chr3,193024421,RB1,C,C,splice_site,MODERATE
PDX_T03,chr3,142121343,BRCA1,T,C,inframe_indel,MODERATE
PDX_T03,chr21,134551147,CDKN2A,A,C,missense,MODERATE
PDX_T03,chr5,152249166,ATM,G,G,nonsense,HIGH
PDX_T03,chr12,196263776,RB1,C,C,inframe_indel,MODERATE
PDX_T03,chr7,146525567,CDH1,A,G,inframe_indel,MODERATE
PDX_T03,chr9,2068934,VHL,C,T,missense,MODERATE
PDX_T03,chr1,163210466,VHL,T,G,nonsense,HIGH
PDX_T03,chr16,130008397,PALB2,T,G,splice_site,MODERATE
PDX_T03,chr8,89239234,RB1,C,C,inframe_indel,MODERATE
PDX_T03,chr21,13291089,MLH1,A,G,frameshift,HIGH
PDX_T03,chr5,91978091,KRAS,T,G,missense,MODERATE
PDX_T03,chr4,199550480,PIK3CA,T,C,missense,MODERATE
PDX_T03,chr12,156628961,ERBB2,A,C,missense,MODERATE
PDX_T03,chr10,7087598,CDH1,G,A,missense,MODERATE
PDX_T03,chr3,198253833,CHEK2,T,A,missense,MODERATE
PDX_T03,chr14,199120345,BRCA2,T,A,missense,MODERATE
PDX_T03,chr5,157927509,CHEK2,T,A,missense,MODERATE
PDX_T03,chr6,177853341,KRAS,C,A,nonsense,HIGH
PDX_T03,chr10,181685740,ATM,C,T,missense,MODERATE
PDX_T03,chr14,93041412,ATM,A,A,missense,MODERATE
PDX_T03,chr6,195118747,PTEN,G,G,missense,MODERATE
PDX_T03,chr4,179856254,BRCA2,A,C,missense,MODERATE
PDX_T03,chr7,43094314,CDKN2A,C,C,missense,MODERATE
PDX_T03,chr20,40423671,BRCA2,A,A,missense,MODERATE
PDX_T04,chr10,186564957,ERBB2,T,G,missense,MODERATE
PDX_T04,chr11,64341486,CDH1,T,A,nonsense,HIGH
PDX_T04,chr17,10012127,MYC,A,G,missense,MODERATE
PDX_T04,chr3,35314329,CDH1,A,T,nonsense,HIGH
PDX_T04,chr6,172691761,ATM,A,G,frameshift,HIGH
PDX_T04,chr16,28433049,MSH2,G,A,nonsense,HIGH
PDX_T04,chr9,186414020,PTEN,C,C,missense,MODERATE
PDX_T04,chr19,14699136,TP53,C,C,splice_site,MODERATE
PDX_T04,chr10,57934434,PTEN,C,T,nonsense,HIGH
PDX_T04,chr3,183781415,RB1,G,G,missense,MODERATE
PDX_T04,chr14,79810788,VHL,A,C,missense,MODERATE
PDX_T04,chr19,77190731,ATM,A,A,missense,MODERATE
PDX_T04,chr6,151339231,VHL,C,T,splice_site,MODERATE
PDX_T04,chr19,111901269,CDKN2A,A,G,inframe_indel,MODERATE
PDX_T04,chr8,51424179,TP53,T,C,missense,MODERATE
PDX_T04,chr11,147114661,BRAF,A,C,missense,MODERATE
PDX_T04,chr9,190336047,APC,G,A,missense,MODERATE
PDX_T04,chr14,177154131,BRCA1,A,T,missense,MODERATE
PDX_T04,chr20,83648788,EGFR,T,C,inframe_indel,MODERATE
PDX_T04,chr12,104984233,KRAS,T,A,nonsense,HIGH
PDX_T04,chr11,133366668,MLH1,A,T,missense,MODERATE
PDX_T04,chr15,26649788,PTEN,T,G,missense,MODERATE
PDX_T04,chr3,155429719,VHL,C,T,missense,MODERATE
PDX_T04,chr22,199584151,TP53,T,T,missense,MODERATE
PDX_T04,chr20,140305334,TP53,C,C,nonsense,HIGH
PDX_T05,chr9,53521603,MSH2,T,T,missense,MODERATE
PDX_T05,chr7,121519294,BRAF,C,A,splice_site,MODERATE
PDX_T05,chr22,172496613,TP53,T,G,missense,MODERATE
PDX_T05,chr18,164392504,CDH1,A,C,nonsense,HIGH
PDX_T05,chr17,167609101,BRCA1,G,C,nonsense,HIGH
PDX_T05,chr9,123126063,PTEN,A,A,missense,MODERATE
PDX_T05,chr14,39886190,PTEN,A,T,splice_site,MODERATE
PDX_T05,chr11,159382806,ATM,C,A,splice_site,MODERATE
PDX_T05,chr22,133909683,BRCA2,G,A,frameshift,HIGH
PDX_T05,chr11,81405096,APC,A,A,inframe_indel,MODERATE
PDX_T05,chr22,20993809,CDH1,T,T,splice_site,MODERATE
PDX_T05,chr4,169224436,APC,A,A,missense,MODERATE
PDX_T05,chr8,21025578,KRAS,T,A,splice_site,MODERATE
PDX_T05,chr18,119122480,MLH1,A,C,missense,MODERATE
PDX_T05,chr1,89724764,RB1,G,C,missense,MODERATE
PDX_T05,chr5,113525056,APC,G,G,frameshift,HIGH
PDX_T05,chr8,10824231,VHL,A,C,nonsense,HIGH
PDX_T05,chr8,50833274,BRCA2,G,A,frameshift,HIGH
PDX_T05,chr10,18539470,PTEN,A,T,missense,MODERATE
PDX_T05,chr4,93071110,ERBB2,G,A,missense,MODERATE
PDX_T05,chr10,187474691,PALB2,T,A,missense,MODERATE
PDX_T05,chr21,4655434,PIK3CA,C,A,missense,MODERATE
PDX_T05,chr22,186932474,MYC,G,T,splice_site,MODERATE
PDX_T05,chr12,9067509,APC,C,A,inframe_indel,MODERATE
PDX_T05,chr13,192057487,KRAS,C,G,missense,MODERATE
PDX_T06,chr22,22663786,TP53,T,G,nonsense,HIGH
PDX_T06,chr20,190055588,KRAS,A,G,missense,MODERATE
PDX_T06,chr8,111830062,ERBB2,T,C,missense,MODERATE
PDX_T06,chr1,140567200,PALB2,C,G,nonsense,HIGH
PDX_T06,chr15,50573219,MSH2,C,A,missense,MODERATE
PDX_T06,chr22,41126534,BRAF,G,G,splice_site,MODERATE
PDX_T06,chr14,145479636,EGFR,T,G,nonsense,HIGH
PDX_T06,chr8,56371339,BRAF,T,G,missense,MODERATE
PDX_T06,chr15,54411399,MSH2,G,T,missense,MODERATE
PDX_T06,chr1,124654823,CDKN2A,G,G,missense,MODERATE
PDX_T06,chr18,113190835,PTEN,A,C,missense,MODERATE
PDX_T06,chr6,87954704,RB1,A,G,inframe_indel,MODERATE
PDX_T06,chr3,15812402,CHEK2,G,A,missense,MODERATE
PDX_T06,chr4,69886106,VHL,T,C,missense,MODERATE
PDX_T06,chr13,133709960,ERBB2,G,A,missense,MODERATE
PDX_T06,chr11,88542942,CDKN2A,C,C,missense,MODERATE
PDX_T06,chr5,99801864,KRAS,A,C,inframe_indel,MODERATE
PDX_T06,chr13,70344980,BRCA2,T,G,missense,MODERATE
PDX_T06,chr22,127349122,CHEK2,A,C,missense,MODERATE
PDX_T06,chr14,185362198,PTEN,T,T,nonsense,HIGH
PDX_T06,chr15,177774147,CDH1,T,T,missense,MODERATE
PDX_T06,chr17,84822708,CHEK2,C,A,missense,MODERATE
PDX_T06,chr15,134301699,CDKN2A,A,T,missense,MODERATE
PDX_T06,chr12,115996319,RB1,A,T,nonsense,HIGH
PDX_T06,chr10,96596435,BRCA2,A,C,splice_site,MODERATE
PDX_T07,chr15,63130703,BRCA1,T,T,missense,MODERATE
PDX_T07,chr3,100007711,PIK3CA,T,T,missense,MODERATE
PDX_T07,chr5,159738551,MLH1,C,C,splice_site,MODERATE
PDX_T07,chr4,41911636,PIK3CA,C,A,missense,MODERATE
PDX_T07,chr16,170572135,MYC,G,A,nonsense,HIGH
PDX_T07,chr9,154011941,ERBB2,T,A,missense,MODERATE
PDX_T07,chr21,48070569,PALB2,T,T,missense,MODERATE
PDX_T07,chr13,114207246,CHEK2,T,T,missense,MODERATE
PDX_T07,chr3,9803426,MLH1,C,C,missense,MODERATE
PDX_T07,chr19,37889604,VHL,C,T,missense,MODERATE
PDX_T07,chr2,89177722,BRAF,G,C,missense,MODERATE
PDX_T07,chr19,149718121,ERBB2,G,A,splice_site,MODERATE
PDX_T07,chr16,66523235,CDKN2A,G,C,missense,MODERATE
PDX_T07,chr14,13149996,BRCA1,C,A,missense,MODERATE
PDX_T07,chr13,137441002,CDKN2A,T,C,missense,MODERATE
PDX_T07,chr2,71142912,VHL,T,G,missense,MODERATE
PDX_T07,chr19,64634141,ATM,C,A,missense,MODERATE
PDX_T07,chr12,199472116,MLH1,A,C,missense,MODERATE
PDX_T07,chr1,199096574,MSH2,G,G,missense,MODERATE
PDX_T07,chr8,177197479,KRAS,T,T,missense,MODERATE
PDX_T07,chr1,98141905,TP53,C,C,missense,MODERATE
PDX_T07,chr15,136067482,TP53,C,T,frameshift,HIGH
PDX_T07,chr13,36736463,MSH2,G,T,missense,MODERATE
PDX_T07,chr7,132463565,TP53,T,G,splice_site,MODERATE
PDX_T07,chr11,125808831,APC,C,T,missense,MODERATE
PDX_T08,chr13,180282089,CDKN2A,T,T,missense,MODERATE
PDX_T08,chr8,2610590,PALB2,G,G,missense,MODERATE
PDX_T08,chr22,100832307,RB1,A,G,missense,MODERATE
PDX_T08,chr21,114148161,CDKN2A,C,A,frameshift,HIGH
PDX_T08,chr19,186051646,KRAS,G,A,missense,MODERATE
PDX_T08,chr14,110925017,EGFR,C,C,missense,MODERATE
PDX_T08,chr7,95278037,VHL,T,T,nonsense,HIGH
PDX_T08,chr9,1742767,EGFR,C,G,nonsense,HIGH
PDX_T08,chr20,111601099,ERBB2,A,A,missense,MODERATE
PDX_T08,chr4,84526986,MYC,T,T,missense,MODERATE
PDX_T08,chr8,149471184,RB1,C,T,missense,MODERATE
PDX_T08,chr20,100453789,CHEK2,A,C,missense,MODERATE
PDX_T08,chr20,193561660,BRCA1,C,T,missense,MODERATE
PDX_T08,chr20,69883020,CDH1,T,G,missense,MODERATE
PDX_T08,chr20,143537111,VHL,T,G,missense,MODERATE
PDX_T08,chr5,22003478,TP53,G,C,missense,MODERATE
PDX_T08,chr13,166795945,EGFR,G,G,missense,MODERATE
PDX_T08,chr22,151110969,VHL,A,T,missense,MODERATE
PDX_T08,chr1,90064666,ERBB2,G,C,nonsense,HIGH
PDX_T08,chr16,78267498,ERBB2,T,C,splice_site,MODERATE
PDX_T08,chr11,159138343,PIK3CA,T,T,frameshift,HIGH
PDX_T08,chr13,179692847,EGFR,C,T,missense,MODERATE
PDX_T08,chr12,76789671,KRAS,G,A,missense,MODERATE
PDX_T08,chr4,40912922,RB1,G,G,missense,MODERATE
PDX_T08,chr6,5319618,TP53,C,T,nonsense,HIGH
PDX_T09,chr16,60606061,PTEN,A,C,missense,MODERATE
PDX_T09,chr17,185024445,PTEN,A,C,nonsense,HIGH
PDX_T09,chr3,43757227,ERBB2,T,T,nonsense,HIGH
PDX_T09,chr21,174758325,VHL,C,C,splice_site,MODERATE
PDX_T09,chr8,85036824,TP53,T,G,missense,MODERATE
PDX_T09,chr13,167354996,APC,A,A,missense,MODERATE
PDX_T09,chr15,140630786,PIK3CA,A,C,missense,MODERATE
PDX_T09,chr16,51794235,PIK3CA,A,A,nonsense,HIGH
PDX_T09,chr5,10587410,RB1,C,T,frameshift,HIGH
PDX_T09,chr7,123383384,BRCA2,A,C,inframe_indel,MODERATE
PDX_T09,chr7,184559719,BRCA2,G,C,missense,MODERATE
PDX_T09,chr6,62566268,BRCA1,C,G,frameshift,HIGH
PDX_T09,chr5,4850134,BRCA2,C,G,missense,MODERATE
PDX_T09,chr4,134429233,CHEK2,T,G,nonsense,HIGH
PDX_T09,chr9,95079587,MLH1,A,G,missense,MODERATE
PDX_T09,chr8,26001765,CDKN2A,G,C,missense,MODERATE
PDX_T09,chr19,61617417,MSH2,G,C,missense,MODERATE
PDX_T09,chr19,104065635,VHL,G,A,missense,MODERATE
PDX_T09,chr8,107094890,EGFR,G,G,missense,MODERATE
PDX_T09,chr20,146349592,PALB2,G,C,missense,MODERATE
PDX_T09,chr1,145888831,MSH2,C,G,splice_site,MODERATE
PDX_T09,chr20,12570368,MYC,C,G,inframe_indel,MODERATE
PDX_T09,chr22,80186757,VHL,G,T,frameshift,HIGH
PDX_T09,chr5,117425203,BRAF,T,T,missense,MODERATE
PDX_T09,chr18,11185904,TP53,A,A,splice_site,MODERATE
PDX_T10,chr21,192218562,MLH1,T,T,missense,MODERATE
PDX_T10,chr12,136756133,VHL,G,G,missense,MODERATE
PDX_T10,chr19,134517380,PIK3CA,A,G,missense,MODERATE
PDX_T10,chr18,165006304,CDH1,C,T,frameshift,HIGH
PDX_T10,chr12,154266664,KRAS,T,C,missense,MODERATE
PDX_T10,chr22,3027578,CDH1,G,T,missense,MODERATE
PDX_T10,chr4,90575426,PALB2,C,G,frameshift,HIGH
PDX_T10,chr6,109343388,BRCA2,T,T,splice_site,MODERATE
PDX_T10,chr14,70507997,VHL,C,T,missense,MODERATE
PDX_T10,chr6,164619572,RB1,G,C,frameshift,HIGH
PDX_T10,chr20,91750988,MLH1,G,C,missense,MODERATE
PDX_T10,chr10,169714245,BRCA2,T,T,missense,MODERATE
PDX_T10,chr14,124182642,APC,G,A,nonsense,HIGH
PDX_T10,chr19,40395324,MLH1,T,T,missense,MODERATE
PDX_T10,chr8,128488165,PTEN,T,A,missense,MODERATE
PDX_T10,chr4,138556746,VHL,T,A,nonsense,HIGH
PDX_T10,chr2,76731751,RB1,T,C,missense,MODERATE
PDX_T10,chr10,61608914,BRAF,A,G,nonsense,HIGH
PDX_T10,chr10,161165805,APC,A,C,nonsense,HIGH
PDX_T10,chr10,110017545,PTEN,T,G,frameshift,HIGH
PDX_T10,chr3,142199651,PALB2,A,T,missense,MODERATE
PDX_T10,chr4,79482038,KRAS,G,G,splice_site,MODERATE
PDX_T10,chr15,14631515,BRAF,T,T,splice_site,MODERATE
PDX_T10,chr5,32341179,MLH1,A,C,missense,MODERATE
PDX_T10,chr12,63759953,PTEN,T,T,missense,MODERATE
PDX_T11,chr11,58921552,KRAS,G,C,inframe_indel,MODERATE
PDX_T11,chr6,109560134,MYC,G,C,missense,MODERATE
PDX_T11,chr11,43405827,PTEN,A,C,missense,MODERATE
PDX_T11,chr1,94095868,BRCA1,C,A,missense,MODERATE
PDX_T11,chr4,73210153,KRAS,T,C,frameshift,HIGH
PDX_T11,chr19,90037644,BRCA1,G,T,splice_site,MODERATE
PDX_T11,chr1,12953249,ERBB2,G,C,missense,MODERATE
PDX_T11,chr10,184663453,RB1,A,C,frameshift,HIGH
PDX_T11,chr11,59882937,MLH1,T,T,missense,MODERATE
PDX_T11,chr22,140489791,EGFR,G,A,missense,MODERATE
PDX_T11,chr18,91230185,BRCA1,A,A,missense,MODERATE
PDX_T11,chr6,144990839,BRCA2,C,A,missense,MODERATE
PDX_T11,chr9,25700861,BRAF,A,T,missense,MODERATE
PDX_T11,chr14,93441598,PALB2,C,A,missense,MODERATE
PDX_T11,chr15,177334937,BRCA1,T,C,missense,MODERATE
PDX_T11,chr8,154299217,MLH1,C,C,missense,MODERATE
PDX_T11,chr5,56257790,CDKN2A,G,T,missense,MODERATE
PDX_T11,chr17,1343095,CDKN2A,A,C,nonsense,HIGH
PDX_T11,chr15,12089785,MYC,G,A,splice_site,MODERATE
PDX_T11,chr10,161807639,TP53,T,C,missense,MODERATE
PDX_T11,chr11,48725439,APC,G,T,missense,MODERATE
PDX_T11,chr17,195759183,EGFR,A,G,splice_site,MODERATE
PDX_T11,chr11,121511983,CHEK2,G,G,missense,MODERATE
PDX_T11,chr12,4199203,EGFR,G,C,missense,MODERATE
PDX_T11,chr22,3240640,BRAF,C,G,missense,MODERATE
PDX_T12,chr19,151441671,EGFR,G,T,splice_site,MODERATE
PDX_T12,chr8,99103349,ATM,G,C,nonsense,HIGH
PDX_T12,chr3,148558785,MSH2,A,G,missense,MODERATE
PDX_T12,chr13,122494452,EGFR,C,A,missense,MODERATE
PDX_T12,chr22,110299132,RB1,T,C,missense,MODERATE
PDX_T12,chr4,163413606,BRCA1,A,G,missense,MODERATE
PDX_T12,chr13,128294377,BRCA2,T,C,nonsense,HIGH
PDX_T12,chr11,185568571,MYC,C,T,missense,MODERATE
PDX_T12,chr14,120799926,CHEK2,A,C,nonsense,HIGH
PDX_T12,chr14,58518592,MYC,A,G,missense,MODERATE
PDX_T12,chr13,145130005,BRCA1,A,G,missense,MODERATE
PDX_T12,chr3,75599679,BRCA1,C,A,nonsense,HIGH
PDX_T12,chr14,197631257,ATM,C,C,missense,MODERATE
PDX_T12,chr19,43281484,BRAF,T,T,missense,MODERATE
PDX_T12,chr13,108556285,BRCA1,A,G,missense,MODERATE
PDX_T12,chr5,50374635,KRAS,C,G,splice_site,MODERATE
PDX_T12,chr11,174819515,BRCA2,C,A,missense,MODERATE
PDX_T12,chr3,184877610,CDKN2A,G,A,splice_site,MODERATE
PDX_T12,chr15,60289557,CHEK2,G,A,missense,MODERATE
PDX_T12,chr17,10622530,APC,A,G,inframe_indel,MODERATE
PDX_T12,chr14,90215520,BRAF,A,A,missense,MODERATE
PDX_T12,chr21,154528581,CDKN2A,G,C,splice_site,MODERATE
PDX_T12,chr21,60255632,APC,G,T,frameshift,HIGH
PDX_T12,chr12,126248448,MYC,G,A,missense,MODERATE
PDX_T12,chr8,120450198,EGFR,A,T,missense,MODERATE
PDX_T13,chr15,107372049,BRCA2,T,T,frameshift,HIGH
PDX_T13,chr4,40929865,CDH1,A,G,missense,MODERATE
PDX_T13,chr21,56202310,BRCA1,G,A,missense,MODERATE
PDX_T13,chr15,192142342,CDKN2A,A,C,nonsense,HIGH
PDX_T13,chr3,133448682,KRAS,A,C,splice_site,MODERATE
PDX_T13,chr19,6724882,TP53,G,G,missense,MODERATE
PDX_T13,chr3,69324110,PALB2,A,C,splice_site,MODERATE
PDX_T13,chr17,171261147,BRCA1,C,A,missense,MODERATE
PDX_T13,chr20,53333570,MSH2,G,C,missense,MODERATE
PDX_T13,chr9,125792704,ERBB2,T,T,missense,MODERATE
PDX_T13,chr17,145955982,CHEK2,A,T,missense,MODERATE
PDX_T13,chr4,29266430,CDH1,C,C,missense,MODERATE
PDX_T13,chr1,19550772,RB1,G,G,splice_site,MODERATE
PDX_T13,chr19,189099162,ERBB2,A,A,inframe_indel,MODERATE
PDX_T13,chr12,41284384,TP53,C,A,missense,MODERATE
PDX_T13,chr22,90616373,MLH1,T,A,missense,MODERATE
PDX_T13,chr18,153360680,CDKN2A,G,T,missense,MODERATE
PDX_T13,chr12,80282793,MSH2,T,A,missense,MODERATE
PDX_T13,chr14,35566680,APC,T,G,nonsense,HIGH
PDX_T13,chr10,111855516,BRCA2,T,C,missense,MODERATE
PDX_T13,chr15,68810980,BRAF,C,G,missense,MODERATE
PDX_T13,chr1,172401480,CHEK2,G,G,missense,MODERATE
PDX_T13,chr4,188778193,CHEK2,T,C,nonsense,HIGH
PDX_T13,chr1,189446929,EGFR,T,T,missense,MODERATE
PDX_T13,chr8,22725596,ERBB2,C,A,frameshift,HIGH
PDX_T14,chr13,89970315,APC,T,T,inframe_indel,MODERATE
PDX_T14,chr16,134220847,CHEK2,T,C,inframe_indel,MODERATE
PDX_T14,chr17,101201248,MYC,C,C,missense,MODERATE
PDX_T14,chr6,176993874,BRCA2,T,T,splice_site,MODERATE
PDX_T14,chr16,137595449,VHL,C,G,splice_site,MODERATE
PDX_T14,chr17,184395443,APC,C,G,missense,MODERATE
PDX_T14,chr19,79333157,RB1,T,G,missense,MODERATE
PDX_T14,chr17,79866363,CDH1,G,G,missense,MODERATE
PDX_T14,chr3,140434493,BRCA1,G,T,missense,MODERATE
PDX_T14,chr16,185493134,CHEK2,G,T,missense,MODERATE
PDX_T14,chr19,117057067,CDKN2A,C,C,missense,MODERATE
PDX_T14,chr11,120097396,MSH2,T,G,missense,MODERATE
PDX_T14,chr6,20635160,KRAS,A,G,missense,MODERATE
PDX_T14,chr7,110852811,RB1,A,T,nonsense,HIGH
PDX_T14,chr10,12452158,KRAS,A,C,missense,MODERATE
PDX_T14,chr16,89162146,CDKN2A,C,A,missense,MODERATE
PDX_T14,chr15,183790371,BRAF,T,G,missense,MODERATE
PDX_T14,chr5,49517536,ERBB2,C,C,missense,MODERATE
PDX_T14,chr22,183281548,APC,T,G,splice_site,MODERATE
PDX_T14,chr21,75449077,RB1,G,A,missense,MODERATE
PDX_T14,chr3,105244594,MLH1,C,G,missense,MODERATE
PDX_T14,chr20,69545452,CDKN2A,C,A,inframe_indel,MODERATE
PDX_T14,chr20,8801690,VHL,A,A,inframe_indel,MODERATE
PDX_T14,chr5,47888092,VHL,C,T,missense,MODERATE
PDX_T14,chr4,4395963,MSH2,C,A,inframe_indel,MODERATE
PDX_T15,chr6,191569535,ATM,A,C,nonsense,HIGH
PDX_T15,chr13,55641059,PTEN,A,A,missense,MODERATE
PDX_T15,chr9,96685075,CDKN2A,C,G,missense,MODERATE
PDX_T15,chr22,142805619,RB1,T,C,splice_site,MODERATE
PDX_T15,chr6,71700080,CHEK2,G,T,frameshift,HIGH
PDX_T15,chr7,112639505,MLH1,C,G,missense,MODERATE
PDX_T15,chr18,91531743,MLH1,A,A,frameshift,HIGH
PDX_T15,chr11,148090344,MSH2,A,C,missense,MODERATE
PDX_T15,chr19,138605972,RB1,G,T,missense,MODERATE
PDX_T15,chr19,144905356,APC,G,C,nonsense,HIGH
PDX_T15,chr5,142176550,RB1,T,T,missense,MODERATE
PDX_T15,chr2,70390862,APC,G,T,missense,MODERATE
PDX_T15,chr6,99134891,ATM,T,C,frameshift,HIGH
PDX_T15,chr18,158705843,RB1,T,G,splice_site,MODERATE
PDX_T15,chr2,32712711,ERBB2,G,G,missense,MODERATE
PDX_T15,chr5,68634906,CHEK2,C,A,nonsense,HIGH
PDX_T15,chr22,148918471,MSH2,G,A,missense,MODERATE
PDX_T15,chr19,45077384,ERBB2,G,A,missense,MODERATE
PDX_T15,chr2,40664359,RB1,T,G,nonsense,HIGH
PDX_T15,chr2,115883892,PALB2,T,A,inframe_indel,MODERATE
PDX_T15,chr16,162344546,MYC,C,G,nonsense,HIGH
PDX_T15,chr9,7560839,BRAF,C,T,missense,MODERATE
PDX_T15,chr8,108104592,CDH1,C,T,missense,MODERATE
PDX_T15,chr14,177207847,ERBB2,A,A,missense,MODERATE
PDX_T15,chr17,147220763,BRCA1,G,A,missense,MODERATE
